,name,price,original_price,discount,rating,review_count,sales_count,seller_name,category
0,Bếp điện từ Elmich ICE 3879 - Hàng Chính Hãng,986000,1800000,45,5.0,9,31,Tiki Trading,Bếp Từ
1,Bếp điện từ Elmich ICE-1832,952000,1490000,36,5.0,2,9,Tiki Trading,Bếp Từ
4,Bếp điện từ Elmich ICE-3874 - Hàng chính hãng,1070000,1070000,0,5.0,4,9,Alô Bếp,Bếp Từ
5,Bếp điện từ Elmich ICE-1831 hàng chính hãng,1285000,1542000,17,5.0,1,4,AM MART,Bếp Từ
13,Bếp từ đơn Elmich 1832 hàng chính hãng,1100000,1100000,0,5.0,1,1,Alô Bếp,Bếp Từ
16,Bếp điện từ Elmich ICE-3874 2100W Hàng Chính Hãng,858500,1435000,40,4.8,8,85,Tiki Trading,Bếp Từ
17,Bếp điện từ Elmich ICE-1831 - Hàng chính hãng,1181500,1590000,26,5.0,1,9,Tiki Trading,Bếp Từ
24,Bếp Từ Đơn Elmich ICE-1828OL (2100W) - Hàng Chính Hãng,850000,1790000,53,4.8,151,551,Tiki Trading,Bếp Từ
25,Bếp Từ Đơn Lock&Lock EJI411 (2000W) - Hàng Chính Hãng,1031370,2188000,53,4.7,799,2958,Tiki Trading,Bếp Từ
26,Bếp Từ Đơn Sunhouse SHD6803 (2000W) - Kèm Nồi Lẩu - Hàng Chính Hãng,757350,1187000,36,4.7,475,3596,Tiki Trading,Bếp Từ
27,Bếp Từ Đơn Sunhouse SHD6157 (1800W) - Kèm Nồi Lẩu - Hàng Chính Hãng,562320,1094000,49,4.7,339,3617,Tiki Trading,Bếp Từ
28,Bếp điện từ Locknlock Slim induction cooker EJI146WHT (1850W) - Hàng chính hãng,1380000,2690000,49,4.8,14,74,Tiki Trading,Bếp Từ
29,"Bếp điện từ Lock&Lock EJI331 220-240V, 50/60Hz, 2000W –Hàng Chính Hãng",1149000,2000000,43,4.8,10,27,Điện Máy Vymart,Bếp Từ
31,Bếp Từ Đơn Điện Tử Cảm Ứng Sunhouse SHD6805 Tặng Kèm Nồi Lẩu Inox - Hàng Chính Hãng,847000,847000,0,5.0,1,8,GIA DỤNG VIỆT,Bếp Từ
34,"Bếp điện từ, bếp từ đơn 2000W Fujika - tặng kèm nồi lẩu inox-hàng chính hãng",600000,600000,0,4.1,34,87,GIA DỤNG VIỆT,Bếp Từ
46,"Bếp điện từ cảm ứng Sunhouse Mama SHD6875, Công suất 2100W, Tặng kèm nồi lẩu đáy từ chống dính, Hàng chính hãng - Bảo hành 24 tháng",1890000,1890000,0,5.0,1,1,Do Gia Dung Ha Linh,Bếp Từ
48,Bếp điện từ Comet CM5415 - HÀNG CHÍNH HÃNG,519000,519000,0,5.0,1,3,Điện Gia Dụng SaiGon,Bếp Từ
61,"Bếp Từ Đơn Elmich ICE-1831 (Công Suất 2100W, Điều Khiển Cảm Ứng, Mặt Kính Ceramic Cường Lực) - Hàng Chính Hãng",1590000,1590000,0,5.0,2,18,ANP living,Bếp Từ
62,Bếp từ BlueStone ICB-6619 - Hàng chính hãng,1190000,1550000,23,5.0,1,1,Nguyễn Kim Official,Bếp Từ
72,Bếp điện từ Nagakawa NAG0704 - Hàng chính hãng,1310000,1310000,0,5.0,1,1,Đông Di Store,Bếp Từ
87,Bếp Điện Từ Cảm Ứng KUCHEN ĐỨC MI 928 - Bếp Đơn - Hàng Chính Hãng,2200000,2200000,0,5.0,1,4,Crep Protect VN,Bếp Từ
109,Bếp điện từ đơn CANAVAL CA6618 - Hàng nhập khẩu,1485000,1485000,0,4.0,1,4,SMART KITCHENWARE SHOP,Bếp Từ
132,Bếp từ đơn Hafele HSI-21FW (Hàng chính hãng),1209000,2030000,40,4.8,238,837,Hafele Official Store,Bếp Từ
133,Bếp từ đơn Kiwa KI-122GB - Hàng chính hãng,690000,890000,22,4.0,1,3,Nguyễn Kim Official,Bếp Từ
144,Bếp từ đơn Electrolux ETD29MKB - Hàng chính hãng,990000,1590000,38,5.0,1,2,Nguyễn Kim Official,Bếp Từ
152,Bếp từ đơn Electrolux ETD29MKC - Hàng chính hãng,1250000,1250000,0,5.0,1,4,KingHomeSG,Bếp Từ
158,Bếp điện từ Electrolux ETD29MKC (2000W) - Hàng chính hãng,1320000,1390000,5,5.0,13,45,Tiki Trading,Bếp Từ
160,"Bếp Từ Đơn Elmich Smartcook ICS-3873 (Công Suất 2100W, Điều Khiển Cảm Ứng, Mặt Kính Ceramic Cường Lực, Chống Sốc Nhiệt) - Hàng Chính Hãng",1329000,1329000,0,5.0,3,9,ANP living,Bếp Từ
161,"Bếp Từ Đơn Elmich Smartcook ICS-3869 (Công Suất 2100W, Điều Khiển Cảm Ứng, Mặt Kính Ceramic Cường Lực, Chống Sốc Nhiệt) - Hàng Chính Hãng",1290000,1290000,0,4.2,5,10,ANP living,Bếp Từ
164,Bếp âm điện từ đơn KAFF KF-330I - Hàng chính hãng ,1500000,1500000,0,5.0,2,5,KingHomeSG,Bếp Từ
168,Bếp Từ Đơn Rapido RI2000ES (2000W) - Hàng Chính Hãng,790000,790000,0,5.0,3,13,Điện máy Huy Ngọc,Bếp Từ
181,Bếp Điện Từ Đơn Nagakawa NAG0704 (2000W) - Hàng chính hãng,807500,1310000,38,5.0,2,52,Tiki Trading,Bếp Từ
190,Bếp Điện Từ Electrolux ETD42SKA (2100W) - Đen - Hàng chính hãng,2090000,2190000,5,4.7,3,6,Nguyễn Kim Official,Bếp Từ
195,Bếp từ đơn Chefs EH-IH2000A (tặng 1 nồi từ nấu lẩu) - Hàng chính hãng,1190000,1190000,0,5.0,2,2,KingHomeSG,Bếp Từ
196,Bếp Từ Đơn Âm Cảm Ứng DOMINO KAFF KF-330I - Hàng Chính Hãng,1800000,1800000,0,3.9,9,37,AHA BẾP,Bếp Từ
197,Bếp điện từ cảm ứng Nagakawa NAG0713 (2200W) - Hàng chính hãng,1280000,1790000,28,4.5,2,4,Tiki Trading,Bếp Từ
202,Bếp từ Bear SB-BT21W (2100W) - Hàng chính hãng,930000,1250000,26,4.5,2,7,Tiki Trading,Bếp Từ
206,Bếp Điện Từ Midea MI-K1917EF - 1900W - Hàng chính hãng,789000,789000,0,5.0,3,14,dienmaycuongviet,Bếp Từ
216,"[Hàng chính hãng] Bếp từ đơn Neoflam Fika. Hàng có sẵn, giao ngay",1504800,1980000,24,4.7,33,88,GIA DỤNG TIỆN ÍCH MINH NGỌC,Bếp Từ
220,Bếp điện từ ASIA LIGHTING - Tặng kèm 1 nồi inox cao cấp - Hàng chính hãng,954000,954000,0,3.0,1,2,Cửa Hàng Điện Liên Hương,Bếp Từ
229,Bếp điện từ Xiaomi Mijia DCL002CM Youth Version 2 - Hàng Nhập Khẩu,749000,779000,4,5.0,25,109,Mi Hoàng Gia,Bếp Từ
232,Bếp Từ Đơn Nagakawa NAG0704 (2000W) - Kèm Nồi Lẩu - Hàng Chính Hãng,807500,1310000,38,5.0,66,254,Tiki Trading,Bếp Từ
242,Bếp Điện Từ Đơn Kèm Nồi Lẩu Inox Đạt Tường DTBT-03 - Hàng Chính Hãng,539000,539000,0,4.0,1,5,GIA DỤNG VIỆT,Bếp Từ
249,Bếp Từ Đơn BlueStone ICB-6610 (2000W - Kèm nồi lẩu) - Hàng Chính Hãng,1080000,1490000,28,5.0,4,14,BLUESTONE OFFICIAL STORE,Bếp Từ
258,Bếp Điện Từ Đơn Cảm Ứng Đặt Âm OWANI OW-2628ALL - Hàng Chính Hãng,950000,950000,0,5.0,1,2,GIA DỤNG VIỆT,Bếp Từ
268,"Bếp từ Bluestone ICB-6609 , Công Suất 2000W , Mặt Kính Ceramic , Hàng chính hãng",990000,1499000,34,5.0,2,14,TD Electrical Supermarket,Bếp Từ
272,Bếp Từ Đơn Hafele HSI-21FW (2000W) - Kèm Nồi Lẩu - Hàng Chính Hãng,1624000,1624000,0,5.0,1,6,Shop AZS,Bếp Từ
275,"Bếp Từ BlueStone ICB-6619 Công Suất 2000W , Mặt Kính Ceramic , Hàng Chính Hãng",1249000,1699000,26,5.0,4,12,TD Electrical Supermarket,Bếp Từ
276,Bếp Điện Từ Đơn Kèm Nồi Lẩu Inox Đạt Tường PST PTSBT-01 - Hàng Chính Hãng,490000,490000,0,5.0,1,3,GIA DỤNG VIỆT,Bếp Từ
284,[Hàng nhập khẩu] Bếp điện từ cảm ứng thông minh Xiaomi Mijia Youth Lite DCL002CM,799000,799000,0,5.0,1,1,Tech Shark,Bếp Từ
290,Bếp từ đơn BlueStone ICB-6610 (Tặng kèm nồi) Công Suất Lớn 2000W - Hàng chính hãng,990000,1499000,34,4.8,21,44,TD Electrical Supermarket,Bếp Từ
293,[Hàng Nhập Khẩu] Bếp từ Xiaomi Zhiwuzhu ZCL01M 【 99 mức độ nhiệt ◆ Hẹn giờ tắt】,890000,890000,0,4.8,23,98,Mi Hoàng Gia,Bếp Từ
296,Bếp Điện Từ Đơn Cảm Ứng Kèm Nồi Lẩu Inox NK Media MD-BT1820 - Hàng Chính Hãng,600000,600000,0,4.5,13,80,GIA DỤNG VIỆT,Bếp Từ
300,"Bếp Từ Bluestone ICB-6729 , Công Suất 2000W , Mặt Kính Ceramic , Bảo Hành Điện Tử 2 Năm , Hàng Chính Hãng",1490000,2399000,38,5.0,1,4,TD Electrical Supermarket,Bếp Từ
309,"Bếp điện từ cảm ứng Fujika FJ-BT1920, công suất 2000W, hoa văn ngẫu nhiên-hàng chính hãng",615000,615000,0,2.0,1,1,GIA DỤNG VIỆT,Bếp Từ
312,Bếp Điện Từ TOSHIBA IC-20S2PV tặng Nồi Lẩu Inox cao cấp 2 lớp - Hàng chính hãng ,1605500,1690000,5,5.0,1,5,TOSHIBA Official Store,Bếp Từ
328,Bếp Từ Điều Khiển Cảm Ứng 2 Hướng Nagakawa NAG0712 (2200W) - Chức Năng Booster Nấu Nhanh - Hàng Chính Hãng,1250000,1970000,37,4.8,15,40,Tiki Trading,Bếp Từ
332,[Tặng Nồi Lẩu] Bếp từ đơn Electrolux 2000W - ETD29MKC - Bảo hành 2 năm toàn quốc [Hàng chính hãng],1306600,1590000,18,5.0,9,35,Electrolux Official Store,Bếp Từ
338,"Bếp từ đơn cảm ứng TẶNG KÈM NỒI có chức năng hẹn giờ, cài đặt thời gian nấu, truyền nhiệt tốt, tiết kiệm điện - Hàng Chính Hãng",395000,550000,28,3.0,2,12,Minhlam Store,Bếp Từ
343, Bếp Điện Từ Đơn 2000W FUJIKA FJ-BT1920 Kèm Nồi Lẩu Inox Điều Khiển Cảm Ứng Mặt Kính Cao Cấp-Hàng Chính Hãng ,615000,615000,0,4.0,14,31,GIA DỤNG VIỆT,Bếp Từ
344,"Bếp Điện Từ Toshiba IC-20R1SV - Cảm ứng, tặng Nồi Lẩu Inox cao cấp 1 lớp, 9 mức công suất, model 2023 - Hàng chính hãng",1099000,1450000,24,5.0,1,2,Gia Dụng Lạc Khải,Bếp Từ
350,"Bếp từ đơn LEBENLANG LBII5505S mặt kính chịu lực, có chức năng hẹn giờ, cài đặt thời gian nấu, công suất 2000W - hàng chính hãng",1129000,1500000,25,5.0,2,13,LEbenlang,Bếp Từ
351,"Bếp từ đơn Bear DCL-A21B1 bảo vệ quá nhiệt, tự ngắt và nóng siêu tốc 2100W, hàng chính hãng",985000,985000,0,5.0,2,11,ĐIỆN MÁY HTG,Bếp Từ
358,"[Tặng Kèm Nồi Lẩu] Bếp nấu điện từ để bàn Electrolux 2100W 6 chương trình nấu - ETD42SKA - Bề mặt luôn nguội và điều khiển an toàn, tiết kiệm điện năng, chức năng khóa trẻ em [Hàng chính hãng]",1851800,2390000,23,4.5,6,16,Electrolux Official Store,Bếp Từ
359,"Bếp từ đơn Midea MIC 221 2200W mặt kính pha lê sang trọng, công nghệ từ trường 3D, mâm nhiệt lớn làm nóng trong 5s, cảm ứng hiện đại, có hẹn giờ, tự ngắt khi bỏ nồi, bảo vệ quá nhiệt (TẶNG NỒI LẨU) - Hàng chính hãng",1030000,1040000,1,5.0,1,1,SMARTWATCH,Bếp Từ
371,[HÀNG CHÍNH HÃNG]Bếp từ Electrolux ETD29KC/ETD29MKC/ETD29PKB công suất 2000w tặng nồi lẩu đi kèm,1250000,1250000,0,4.8,33,201,EHOMEVN,Bếp Từ
500,Quạt Sạc Tích Điện Sunhouse SHD7115 - Hàng Chính Hãng,828080,1510000,45,4.0,6,42,Tiki Trading,Quạt Điện
503,"Quạt mini để bàn, quạt tích điện usb CTFAST M102 - Quạt cầm tay 3 tốc độ, điều chỉnh hướng gió 360 độ, không gây ồn, pin sạc dung lượng cao - hàng chính hãng",200000,240000,17,4.7,672,2904,HUY HÙNG AFAST,Quạt Điện
505,"Quạt sạc mini | Quạt tích điện | Quạt kẹp nôi, xe đẩy thương hiệu Comet CRF0705 - Hàng chính hãng - BH 12 tháng - 15 ngày đổi mới",243000,386000,37,5.0,1,3,Edistributor,Quạt Điện
506,"Quạt Mini Để Bàn , Quạt Tích Điện Tích Hợp Đèn Ngủ, Quạt Kẹp Bàn Besti- Quạt Cầm Tay 3 Tốc Độ, Điều Chỉnh Hướng Gió 360 Độ, Không Gây Ồn, Pin Sạc Dung Lượng Cao - Hàng Chính Hãng",230000,230000,0,5.0,1,16,Besti,Quạt Điện
507,"Quạt Mini Để Bàn, Quạt Tích Điện Sạc Usb, Quạt Treo Tường, Quạt Cầm Tay Teement, Không Ồn, Pin Khủng, Kiểu Dáng Sang Trọng - Hàng Chính Hãng",240000,240000,0,5.0,1,2,Besti,Quạt Điện
508,Quạt Sạc Tích Điện Sunhouse SHD7228 - Hàng Chính Hãng,1400000,1400000,0,4.5,14,52,GIA DỤNG VIỆT,Quạt Điện
510,"Quạt tích điện Sunhouse SHD7228, Quạt sạc điện SHD7223, SHD7116, SHD7115, Hàng chính hãng, Bảo hành 12 tháng",1350000,1350000,0,4.0,1,2,GIA DỤNG VIỆT,Quạt Điện
511,Quạt Để Bàn Có Sạc Tích Điện Perfect PF-QB2170  - Hàng chính hãng,240000,240000,0,5.0,5,40,Tiki Trading,Quạt Điện
512,QUẠT SẠC TÍCH ĐIỆN SUNHOUSE SHD7116 - HÀNG CHÍNH HÃNG,1050000,1050000,0,4.3,3,4,Gia Dụng Hùng Xuân,Quạt Điện
513,Quạt Sạc Tích Điện Sunhouse SHD7223 (24W) - Hàng Chính Hãng,1091200,2050000,47,4.5,17,90,Tiki Trading,Quạt Điện
515,"Quạt mini để bàn, quạt tích điện sạc usb Besti M102 - Quạt cầm tay 3 tốc độ, điều chỉnh hướng gió xoay 360 độ, không gây ồn, pin sạc dung lượng cao - Hàng chính hãng",250000,250000,0,4.6,51,378,Besti,Quạt Điện
517,Quạt Tích Điện Để Bàn Xiaomi Lydsto XD-ZMXHS02 - Hàng nhập khẩu,549000,549000,0,4.3,21,122,Mi Hoàng Gia,Quạt Điện
518,Quạt Điện Đứng Senko L1338 - Giao Màu Ngẫu Nhiên - Hàng Chính Hãng,365000,365000,0,4.7,28,116,Tuấn Yến HCM,Quạt Điện
519,Quạt Điện Đứng 7 cánh Senko LTS1636 - Giao Màu Ngẫu Nhiên - Hàng Chính Hãng,438000,438000,0,4.8,143,497,Tuấn Yến HCM,Quạt Điện
520,Quạt sạc tích điện Honjianda FL 223 - tích hợp đèn LED & cổng USB,795000,800000,1,4.6,21,108,Tuấn Yến HCM,Quạt Điện
521,Quạt sạc tích điện Honjianda FL 301 - tích hợp đèn LED & cổng USB,830000,835000,1,4.7,19,73,Tuấn Yến HCM,Quạt Điện
523,"Quạt Tích Điện, Quạt Đứng Thông Minh XIAOMI Smartmi Gen 3 Pro/ Smartmi Gen 2S/ Smartmi Gen 2 Lite Tốc Độ Gió Quạt Siêu Êm, Kết Nối App Mihome - Hàng Chính Hãng",1770000,3569000,50,5.0,1,13,HOMES STORE,Quạt Điện
525,"Quạt Sạc Tích Điện Để Bàn Đa Năng COMET CRF1506 7W, 4 Cấp Độ Gió, Xoay 90 Độ, 2 pin rời 18650 Lithium 1500mAh Để Bàn Văn Phòng",459000,540000,15,4.6,5,18,Comet Electric Official Store,Quạt Điện
526,Quạt sạc tích điện Honjianda FL 601 - tích hợp đèn LED & cổng USB - có remote,1484000,1484000,0,3.5,2,13,GIA DỤNG VIỆT,Quạt Điện
527,Quạt Điện Đứng Senko L1638 - Giao Màu Ngẫu Nhiên - Hàng Chính Hãng,365000,365000,0,4.8,181,899,Tuấn Yến HCM,Quạt Điện
529,Quạt bàn đảo 4 Tấc chuyển hướng điện cao cấp Senko ( Hàng Chính Hãng ) BD1410,478000,483000,1,5.0,11,36,Tuấn Yến HCM,Quạt Điện
531,"Quạt kẹp thắt lưng OVIE WF2 Yoobao tích điện 10000mAh kiêm Sạc Dự Phòng Đeo Thắt Lưng, Đeo Cổ có đèn hiển thị pin - Hàng chính hãng",379000,379000,0,4.0,1,11,HoangHai store,Quạt Điện
532,Quạt điện Senko để bàn tiện lợi cao cấp B1213 màu ngẫu nhiên - Hàng Chính Hãng,291000,291000,0,4.7,30,104,Tuấn Yến HCM,Quạt Điện
533,Quạt bàn đảo 3 Tấc chuyển hướng điện cao cấp Senko ( Hàng Chính Hãng ) BD8860,345000,345000,0,4.5,13,37,Tuấn Yến HCM,Quạt Điện
535,"Quạt Mini Để Bàn, Quạt Tích Điện Sạc USB Besti - Quạt Cầm Tay 3 Tốc Độ, Điều Chỉnh Hướng Gió Xoay 360 Độ, Kiểu Dáng Sang Trọng , Không Gây Ồn, Pin Sạc Dung Lượng Lớn - Hàng Chính Hãng",270000,270000,0,5.0,34,171,Venie,Quạt Điện
536,Quạt bàn đảo 4 Tấc chuyển hướng điện cao cấp Senko ( Hàng Chính Hãng ) BD850,478000,483000,1,4.3,10,27,Tuấn Yến HCM,Quạt Điện
537,Quạt Tích Điện Mini YooBao - 6400mAh - Sử Dụng Lên Đến 32h - Hàng Chính Hãng,266000,266000,0,3.0,2,27,Minhlam Store,Quạt Điện
538,Quạt điện Senko để bàn tiện lợi cao cấp B1216 màu ngẫu nhiên - Hàng Chính Hãng,291000,291000,0,4.7,11,77,Tuấn Yến HCM,Quạt Điện
540,Quạt điện cao cấp Senko TR1683 điều khiển từ xa bằng Remote màu ngẫu nhiên - Hàng chính hãng,508000,513000,1,4.8,30,133,Tuấn Yến HCM,Quạt Điện
541,Quạt Điện Đứng 7 cánh Senko LTS1636 - Giao Màu Ngẫu Nhiên - Hàng Chính Hãng,438000,438000,0,5.0,7,20,Tuấn Yến HCM,Quạt Điện
544,Quạt điện Senko mẫu mới BX1212 tiện lợi cao cấp màu ngẫu nhiên - Hàng Chính Hãng,322000,322000,0,5.0,17,37,Tuấn Yến HCM,Quạt Điện
545,Quạt điện Senko để bàn tiện lợi cao cấp B1213 màu ngẫu nhiên - Hàng Chính Hãng,291000,291000,0,4.0,1,6,Tuấn Yến HCM,Quạt Điện
549,Quạt Để Bàn Kẹp Tích Điện Mini Dung Lượng Pin 3000mAh 5 Tốc Độ Gió Tích Hợp Đèn Ngủ Và Màn Hình LED - Hàng Chính Hãng Tamayoko,229000,229000,0,4.7,28,246,Tamayoko Official,Quạt Điện
551,"Quạt Mini Tích Điện USB ORICO GXZ-F833 Quạt Để Bàn Hoặc Kẹp Bàn 3 Tốc Độ, Không Gây Ồn, Pin Sạc Dung Lượng Cao - Hàng Chính Hãng",208000,208000,0,3.7,3,20,Bảo Hân Treasures,Quạt Điện
552,Quạt Sạc Tích Điện Mini Kẹp Bàn COMET CRF0705 5W Xoay 360 Độ pin Lithium 1800mAh,269000,329000,18,4.5,4,30,Comet Electric Official Store,Quạt Điện
553,Quạt bàn đảo 4 Tấc chuyển hướng điện cao cấp Senko BD1410 ( Hàng Chính Hãng )- Giao màu ngẫu nhiên,478000,483000,1,4.5,24,63,Tuấn Yến HCM,Quạt Điện
554,Quạt điện cao cấp Senko TR1428 điều khiển từ xa bằng Remote màu ngẫu nhiên - Hàng Chính Hãng,508000,513000,1,4.0,4,6,Tuấn Yến HCM,Quạt Điện
555,"Quạt tích điện không dây Cyke F8, hàng chính hãng",535000,535000,0,4.5,80,303,ĐIỆN MÁY HTG,Quạt Điện
556,Quạt Điện Đứng Senko L1638 - Công Suất 47W - Được Chọn Màu Tùy Thích - Hàng Chính Hãng,365000,365000,0,4.5,8,53,Tuấn Yến HCM,Quạt Điện
557,Quạt Điện Đứng Senko L1338 - thay mã mới L1638 Giao Màu Ngẫu Nhiên - Hàng Chính Hãng,365000,365000,0,5.0,5,24,Tuấn Yến HCM,Quạt Điện
560,"Quạt tuần hoàn không khí Elmich CFE-8787, quạt làm mát diện rộng và làm mới không khí, gọn nhẹ, dễ dàng mang theo mọi nơi - Hàng chính hãng",723350,1669000,57,5.0,6,25,Tiki Trading,Quạt Điện
563,"Quạt treo tường điện tử Mitomo FTT-60AE NEW 2024, có điều khiễn từ xa, hẹn giờ hàng chính hãng - Bảo hành 2 năm",689000,1299000,47,5.0,2,9,MITOMO ELECTRONIC,Quạt Điện
564,"Quạt cầm tay tích điện đá lạnh S3213, mini sạc điện nhỏ gọn, công nghệ mới bán dẫn ngưng tụ sương nước, pin lớn đến 16h, hàng chính hãng",399000,399000,0,4.8,5,33,ĐIỆN MÁY HTG,Quạt Điện
565,Quạt Sạc Tích Điện Dạng Hộp AC&DC 12 inch Honjianda FL313 loại 2 bình có đèn LED - Hàng Chính Hãng,1100000,1100000,0,5.0,1,2,GIA DỤNG VIỆT,Quạt Điện
573,Quạt đứng 4 số Điện cơ 91 QRCO - Hàng Chính Hãng,440000,440000,0,4.0,5,40,Smart Shop TC,Quạt Điện
574,"Quạt Tích Điện, Quạt Đứng Thông Minh XIAOMI Smartmi Gen 3 Pro/ Smartmi Gen 2S/ Smartmi Gen 2 Lite Tốc Độ Gió Quạt Siêu Êm, Kết Nối App Mihome - Hàng Chính Hãng",1070000,1999000,46,4.5,42,152,HOMES STORE,Quạt Điện
575,Quạt sạc tích điện mini cầm tay có thể đặt bàn Yoobao F3 6000mAh có thể chạy 32 giờ liên tục,284050,413000,31,4.7,26,89,Yesbuy Store,Quạt Điện
577,"Quạt tích điện mini gấp gọn đa năng kiêm đèn, quạt dã ngoại pin trâu 10000 mah sạc được điện thoại tiện khi mất điện- Hàng chính hãng",350000,350000,0,4.5,2,10,X Game,Quạt Điện
586,Quạt Kẹp Tích Điện Yoobao F04 Mini Pin Siêu Khủng 6400mah Thoải Mái 2 Ngày Với 4 Tốc Độ - Hàng Chính Hãng,256623,350000,27,4.6,66,241,Minh Vy Store,Quạt Điện
587,Quạt Tích Điện Mini Mocato Air M503 - Hàng Chính Hãng,224000,224000,0,5.0,7,19,Tazano Official Store,Quạt Điện
592,"Quạt Hộp, Quạt Để Bàn 5 Cánh Midea FB40-9H (Quạt Điện Hàng Chính Hãng, Công suất",1350000,1350000,0,5.0,1,1,ANP living,Quạt Điện
597,"Quạt sạc tích điện DQ218 đeo thắt lưng, đeo cổ, để bàn cầm tay 3 trong 1, tích hợp sạc dự phòng, đèn pin chiếu sáng, hàng chính hãng",429000,429000,0,5.0,4,23,ĐIỆN MÁY HTG,Quạt Điện
598,Quạt tích điện mini xoay tự động HATACA,420000,420000,0,5.0,6,8,Đèn bắt muỗi con dơi,Quạt Điện
599,"Quạt Mini Để Bàn M102, Quạt Tích Điện Dung Lượng Pin 4000 mAh, 3 Chế Độ Gió, Xoay 360 Độ - Hàng Chính Hãng",199000,199000,0,5.0,24,114,HDC Home,Quạt Điện
601,Quạt Điện Treo Tường Midea FW40-7JR - Hàng chính hãng,1140000,1390000,18,4.7,10,28,Công ty Kỷ Nguyên,Quạt Điện
602,QUẠT SẠC TÍCH ĐIỆN ĐỂ BÀN DP-7626 HÀNG NHẬP KHẨU,199000,199000,0,5.0,2,6,linhkien1984,Quạt Điện
611,Quạt Rút Điện Cơ 91 QR-THA - Hàng Chính Hãng,420000,420000,0,4.0,3,14,Cửa Hàng Tuấn Anh,Quạt Điện
621,Quạt Điện Làm Mát Để Bàn Chạy Pin 2400mAh Sạc USB Xiaomi Hàng nhập khẩu,246000,365000,33,5.0,1,4,MOKOEZ,Quạt Điện
629,Quạt kẹp tích điện Jisulife Life2/ Life2 S 4000mAh/5000mAh có Tốc năng | Tuốc năng | Lọc không khí | Hàng Chính hãng,711550,1000000,29,5.0,1,1,Yesbuy Store,Quạt Điện
634,Quạt Tích Điện Cầm Tay Pin Trâu 32h Sử Dụng Yoobao F3 Với 3 Tốc Độ Gió Có Đèn Báo Pin Thiết Kế Nhỏ Ngọn - Hàng Chính Hãng,350000,350000,0,3.5,2,30,Minh Vy Store,Quạt Điện
645,"Quạt Tích Điện, Quạt Đứng Thông Minh XIAOMI Smartmi Gen 3 Pro/ Smartmi Gen 2S/ Smartmi Gen 2 Lite Tốc Độ Gió Quạt Siêu Êm, Kết Nối App Mihome - Hàng Chính Hãng",1770000,3569000,50,5.0,1,4,HOMES STORE,Quạt Điện
648,Quạt đứng lửng PEC Điện cơ 91 QR-CĐ (Hàng chính hãng),936000,936000,0,1.0,1,1,Cửa Hàng Tuấn Anh,Quạt Điện
654,Quạt Sạc Tích Điện Mini Gấp Gọn Cầm Tay Comet CRF0904 3W Pin lithium-ion 3.7V 1200mAh Nhỏ Gọn Sạc USB Tiện Lợi,199000,249000,20,5.0,3,33,Comet Electric Official Store,Quạt Điện
655,Combo 2 quạt đứng lửng PEC Điện Cơ 91 QR-CO - Hàng chính hãng,880000,880000,0,5.0,3,10,Smart Shop TC,Quạt Điện
659,Quạt Điện Thông Minh Xiaomi Fan 1C Đa Tốc Độ Gió Quạt Siêu Êm Kết Nối App Thông Minh Công Suất 32 W - Hàng Nhập Khẩu,1070000,2099000,49,4.0,2,7,HOMES STORE,Quạt Điện
661,"Quạt Treo Tường 3 Cánh Midea FW40-7JR (Quạt Điện Công Suất 55W, Chỉnh Gió 3 Tốc Độ, Có Điều Khiển Từ Xa)",2150000,2150000,0,5.0,1,6,ANP living,Quạt Điện
663,Quạt rút cá 4 số có hẹn giờ chính hãng Điện Cơ 91,450000,450000,0,3.0,3,6,Cửa Hàng Tuấn Anh,Quạt Điện
664,"Quạt Để Bàn Tích Điện Mini Cao Cấp Teement,  Tích Hợp Đèn Ngủ Động Cơ Không Tiếng Ồn Pin 1200mah , Điều Chỉnh Lên Xuống 360°, 3 Cấp Độ Gió Siêu Mát Dễ Điều Chỉnh- Hàng Chính Hãng",270000,270000,0,5.0,2,15,Venie,Quạt Điện
666,Quạt Sạc Tích Điện Dạng Hộp FUJIKA FJ-EF0112 - Hàng Chính Hãng,840000,840000,0,4.5,2,3,GIA DỤNG VIỆT,Quạt Điện
668,QUẠT ĐỨNG CAO CẤP ĐIỆN DC  DK168 12V - HÀNG CHÍNH HÃNG 3HT,399000,399000,0,3.0,3,12,Thành Hân 3HT,Quạt Điện
674,Quạt Tản Gió Điện Cơ 91 Chuyển Hướng Điện Đổ Tự Ngắt QT300A - Màu Ngẫu Nhiên - Hàng chính hãng,395000,395000,0,4.7,13,30,Cửa Hàng Tuấn Anh,Quạt Điện
676,Quạt sạc tích điện DP DP-7626 tích hợp đèn LED chiếu sáng - loại quạt trung gió rất mạnh với nút bấm cảm ứng HÀNG CHÍNH HÃNG,399000,399000,0,5.0,1,1,Siêu Thị NaNo,Quạt Điện
678,"Quạt Mini Tích Điện Đeo Cổ Thời Trang Besti Y01,  3 Tốc Độ Gió Siêu Mát, Chạy Siêu Êm, Dung Lượng Pin 2000mAh, Phù Hợp Khi Chạy Bộ, Đi Du Lịch , Văn Phòng, Đi Chơi- Hàng Chính Hãng",230000,230000,0,4.5,32,210,Venie,Quạt Điện
679,"Quạt tích điện đế kẹp YOOBAO F8 8000mAh có đèn led,quạt tích điện kiêm sạc dự phòng 3in1, dùng liên tục 8-30 tiếng - Hàng chính hãng",650000,650000,0,5.0,1,1,HoangHai store,Quạt Điện
681,Quạt sạc tích điện để bàn kiêm đèn ngủ  Nineshield KBQD01 - Hàng chính hãng,556000,556000,0,5.0,1,1,Nineshield Official Store,Quạt Điện
691,Combo 2 Quạt treo tường PEC Điện cơ 91 QTT-ĐKA (Hàng chính hãng),1250000,1250000,0,5.0,10,22,Cửa Hàng Tuấn Anh,Quạt Điện
695,"Quạt tích điện mini cầm tay YOOBAO F3 3000mAh, pin bền 15h liên tục, nhỏ gọn cất vào balo sạc USB tiện dụng mang đi chơi - Hàng chính hãng",250000,250000,0,5.0,1,1,HoangHai store,Quạt Điện
698,Combo 2 quạt trần PEC Điện Cơ 91 QT1400 màu xanh (Hàng chính hãng),1490000,1490000,0,5.0,3,7,Cửa Hàng Tuấn Anh,Quạt Điện
699,"Quạt đeo cổ sò lạnh Half Horse với cục sò lạnh trang bị chip điện lạnh, giảm tức thì tới 20 độ chỉ sau 3 giây, thổi bay cơn nóng. Hàng chính hãng",189050,360000,47,4.0,1,16,Tăm nước Sài Gòn,Quạt Điện
701,Quạt treo tường PEC Điện cơ 91 QTT-CN450/2D (Hàng chính hãng),450000,450000,0,4.0,1,2,Cửa Hàng Tuấn Anh,Quạt Điện
703,"Quạt Điện Cơ 5 Cánh ABG X19, Quat Dien Co , Quạt Điện Dáng Đứng  5 Cánh Đa Năng –Thiết Kế 3 Tốc Độ Gió Linh Hoạt, Chuyên Dùng Với Không Gian Rộng Trong Nhà- Hàng Chính Hãng.",400000,400000,0,1.0,1,3,Pi Stores,Quạt Điện
708,"Quạt Sạc Tích Điện Để Bàn Đa Năng COMET CRF1406 6W, 3 Cấp Độ Gió, Có Đèn LED, 2 pin rời 18650 Lithium 1200mAh Để Bàn Văn Phòng - Hàng chính hãng",399000,459000,13,4.0,3,17,Comet Electric Official Store,Quạt Điện
712,Quạt Tháp Điện Xiaomi Để Bàn Sạc Pin 4000mAh Để Bàn Văn Phòng / Nhà Mang Đi Tiện Dụng Hàng nhập khẩu,449000,699000,36,5.0,1,2,MOKOEZ,Quạt Điện
725,Quạt Đứng Tích Điện Năng Lượng Mặt Trời chính hãng Jindian công suất 25w -Mã JD188LL ,1100000,1100000,0,5.0,2,4,Đèn Năng Lượng Jindian,Quạt Điện
728,"Quạt Tích Điện Không Dây XIAOMI Smartmi Gen 2S, Sử Dụng 20 Giờ Liên Tục 100 Tốc Độ Gió Quạt Siêu Êm, Có Remote, Kết Nối App Thông Minh Công Suất 25W- Hàng Chính Hãng",1760000,3499000,50,4.8,6,21,HOMES STORE,Quạt Điện
732,Quạt Đứng AC ASF01D145 (16W) Động Cơ DC Inverter Tiết Kiệm Điện - Hàng Chính Hãng,2022000,2656000,24,4.0,1,1,Edistributor,Quạt Điện
742,Quạt Tích Điện Để Bàn Xiaomi 3life 008 Sử Dụng 6-24 Giờ Liên Tục Tùy Cấp Độ Gió - Hàng Nhập Khẩu,770000,1399000,45,4.5,4,10,HOMES STORE,Quạt Điện
744,"Quạt trần có đèn trao đèn bằng thủy tinh trang trí cho phòng khách, với phong khách cổ điển và hiện đại kết hợp",1690000,1690000,0,5.0,1,7,Đại Việt Gold,Quạt Điện
751,"Quạt Điều Hòa Làm Mát Không Khí Galen G020 Công Suất 65W, Công Nghệ Nhật Bản, Tiết Kiệm Điện Năng - Hàng Chính Hãng",999900,1998571,50,4.5,5,15,Smart House Store,Quạt Điện
757,Quạt Tích Điện Mi-Lux F188 Đối Lưu Không Khí Thế Hệ Mới Pin 8000mAh Tích Điện 20- 60 Giờ Gồm 4 Cấp Độ GióTích Hợp Đèn Ngủ - Hàng Chính Hãng,1570000,2999000,48,4.8,6,14,HOMES STORE,Quạt Điện
758,Quạt Tích Điện Để Bàn Xiaomi Mijia Phiên Bản 2023 Không Gian Sử Dụng 10-20m2 Sử Dụng 18 Giờ Liên Tục - Hàng Chính Hãng,750000,1359000,45,4.7,7,40,HOMES STORE,Quạt Điện
762,"Quạt điện lửng Mitomo FCE-60HEV, công suất 60W mạnh mẽ, động cơ dây đồng - hàng chính hãng bảo hành 2 năm",679000,1255000,46,5.0,1,3,MITOMO ELECTRONIC,Quạt Điện
772,"Quạt đứng tích điện P2000 thông minh không dây, điều khiển từ xa có đèn ngủ, gấp gọn lưu trữ tiện lợi, linh hoạt xoay quay tự động, hàng chính hãng",1390000,1390000,0,4.8,6,14,ĐIỆN MÁY HTG,Quạt Điện
773,Quạt Điện Làm Mát Xiaomi Mini 4000mAh 4 Tốc Độ Gắn Tường Đa Năng Có Thể Sạc Lại Bằng Cổng USB Hàng nhập khẩu,274000,399000,31,1.0,1,1,MOKOEZ,Quạt Điện
774,"sải cánh 1m67 dài, Quạt trần 6 cánh có đèn Led trang trí, điều khiển từ xa, động cơ DC 6 số tiết kiệm điện",2100000,2100000,0,3.0,1,4,Đại Việt Gold,Quạt Điện
777,"Quạt tích điện mini để bàn phun sương hơi nước phù hợp gia đình, văn phòng, nhỏ gọn cầm tay, có pin, đèn ngủ - Hàng chính hãng VinBuy",320000,600000,47,5.0,2,8,VinBuy,Quạt Điện
779,"Quạt tích điện ông tây 2 trong 1, có đèn, 2 chế độ gió, kiêm sạc dự phòng gấp gọn - Hàng Chính hãng MINIIN (Giao màu ngẫu nhiên)",189050,199000,5,5.0,1,5,Smarthome29,Quạt Điện
798,"Quạt điều hòa hơi nước mini làm mát không khí để bàn nhỏ gọn, phun sương mạnh nhiều chế độ có bình đựng nước, nốt chạm cảm ứng, pin sạc tích điện, có đèn - Hàng chính hãng VinBuy",320000,600000,47,4.5,44,269,VinBuy,Quạt Điện
806,Quạt Kẹp Tích Điện Mini Để Bàn Kiêm Sạc Dự Phòng Yoobao F8 3in1 Có Đèn Led Pin 8000mah Dùng 14-33h Liên Tục - Hàng Chính Hãng,401721,500000,20,5.0,1,8,Minh Vy Store,Quạt Điện
808,"Quạt đứng Toshiba F-LSD10(H)VN - Màu Xám - Điều khiển từ xa núm xoay vô cực - 9 cánh - DC inverter tiết kiệm điện 70% - 26 tốc độ gió - Màn hình LED hiển thị - Hàng chính hãng, bảo hành 12 tháng, chất lượng Nhật Bản",1749000,2090000,16,5.0,2,7,Gia Dụng Lạc Khải,Quạt Điện
822,Quạt Đứng Toshiba F- LSA20(W)VN (60W) - Trắng - Hàng chính hãng,1200000,1310000,8,4.7,689,3426,Tiki Trading,Quạt Điện
823,Quạt đứng Toshiba F-LSA10(H)VN (50W) - Xám - Hàng chính hãng,891000,1080000,18,4.7,234,1248,Tiki Trading,Quạt Điện
824,Quạt Cầm Tay Mini JISULIFE FA42 Siêu Mát - Sạc Nhanh - Pin 2000/4500mAh Sử Dụng Đến 6H-12H - Hàng Chính Hãng,217550,340000,36,5.0,2,44,Yesbuy Store,Quạt Điện
825,Quạt Cầm Tay Mini JISULIFE FA43 Siêu Mát - Sạc Nhanh - Pin 4000mAh Sử Dụng Lên Đến 12H - Hàng Chính Hãng,312550,430000,27,5.0,1,12,Yesbuy Store,Quạt Điện
826,Quạt điều khiển Senko TH-TR1628 - Hàng chính hãng,515000,520000,1,5.0,11,35,Tuấn Yến HCM,Quạt Điện
827,Quạt lỡ Senko L1638 Xám Đồng - Hàng Chính Hãng,349000,520000,33,5.0,54,239,Nguyễn Kim Official,Quạt Điện
828,Quạt bàn Senko BD1012 Kem môn - Hàng chính hãng,320000,420000,24,5.0,1,5,Nguyễn Kim Official,Quạt Điện
829,Quạt Hút Thông Gió Senko H200 (35W) - Hàng Chính Hãng,291000,291000,0,4.5,9,28,Tuấn Yến HCM,Quạt Điện
830,"Quạt sạc mini xoay góc 720 độ, đế kẹp đa năng hoặc đặt bàn, an toàn cho trẻ với 4 nấc điều chỉnh gió chính hãng YOOBAO F04 - Hàng nhập khẩu",227050,317000,28,4.6,67,206,Yesbuy Store,Quạt Điện
831,"Quạt kẹp mini Yoobao xoay 360 độ, dùng được 32h, pin sạc dung lượng lớn 6400mah",289000,289000,0,5.0,1,6,BIKIDSVN,Quạt Điện
832,Quạt Bàn Đảo 3 Tấc Senko BD1010 - Màu Ngẫu Nhiên - Hàng chính hãng,345000,345000,0,4.8,27,87,Tuấn Yến HCM,Quạt Điện
833,Quạt Hút Thông Gió Âm Trần Senko HT150 (30W) - Hàng Chính Hãng,276000,276000,0,5.0,15,89,Tuấn Yến HCM,Quạt Điện
836,Quạt treo tường 2 dây Senko TC1886 - Hàng Chính Hãng,458000,458000,0,5.0,1,1,ĐiệnTânThịnh,Quạt Điện
837,Quạt Đứng Cao Cấp 47W Senko DH1600 (Có chế độ hẹn giờ) - Quạt L1638 (Thân nhựa) - Quạt LS1630 (Thân Sắt) - Hàng chính hãng - Bảo Hành 24 Tháng,374000,572000,35,5.0,1,4,Edistributor,Quạt Điện
838,Điều khiển chính hãng quạt trần Panasonic model F-56XPGTBDSVV,199000,199000,0,5.0,1,6,Điện tử Phương Nam,Quạt Điện
840,Quạt treo tường 2 dây SENKO TC1626 - Hàng Chính Hãng,355000,355000,0,5.0,2,38,Tuấn Yến HCM,Quạt Điện
842,Quạt Hút Thông Gió Senko H250 40W - Hàng Chính Hãng,299000,299000,0,4.8,21,116,Tuấn Yến HCM,Quạt Điện
845,"Quạt trần 3 cánh Panasonic F-56NCL, F-56NCL-S  (MÀU ĐỒNG)_Nhập Khẩu",1517000,1517000,0,5.0,2,20,ĐiệnTânThịnh,Quạt Điện
846,Quạt Trần Panasonic F-60MZ2 (18inch) - Hàng chính hãng,1160000,1165000,0,4.5,4,35,Tuấn Yến HCM,Quạt Điện
850,Quạt Bàn Đảo 2 Tấc Senko BD230 - Hàng Chính Hãng - Màu Ngẫu Nhiên,225000,225000,0,4.5,31,141,Tuấn Yến HCM,Quạt Điện
853,Quạt Hộp 4 Tấc Senko BD850 - Giao Màu Ngẫu Nhiên - Hàng Chính Hãng,478000,483000,1,4.6,18,47,Tuấn Yến HCM,Quạt Điện
854,Quạt đứng Senko có đèn DD1602 hàng chính hãng màu sắc ngẫu nhiên ,530000,535000,1,4.6,8,30,Tuấn Yến HCM,Quạt Điện
857,"Quạt Đứng Senko Có Chức Năng Hẹn Giờ Sang Trọng, Cao Cấp DH1600 - Hàng Chính Hãng",445000,450000,1,4.5,28,153,Tuấn Yến HCM,Quạt Điện
859,Quạt hút thông gió 2 chiều âm tường Senko Hàng Chính Hãng H150 30W,274000,274000,0,4.0,1,7,Tuấn Yến HCM,Quạt Điện
862,"Quạt treo tường Toshiba F-WSA20(H)VN - 3 cánh, động cơ bạc thau - 3 mức gió - Điều khiển từ xa - Hẹn giờ tắt - Hàng chính hãng, bảo hành 12 tháng",1129000,1490000,24,4.8,6,22,Gia Dụng Lạc Khải,Quạt Điện
863,Quạt đứng Senko DTS1607 - Hàng chính hãng,455000,460000,1,5.0,141,585,Tuấn Yến HCM,Quạt Điện
868,Quạt treo 2 dây Senko ( Hàng Chính Hãng ) TC1626,355000,355000,0,4.7,22,161,Tuấn Yến HCM,Quạt Điện
872,QUẠT ĐỨNG HẸN GIỜ SENKO DH1600 hàng chính hãng (Màu sắc ngẫu nhiên),445000,450000,1,4.3,49,186,Tuấn Yến HCM,Quạt Điện
873,Quạt Bàn Đảo 4 Tấc Senko BD850 - Hàng chính hãng ,428000,428000,0,4.0,3,64,VKT Nhà Phân Phối Thiết Bị Điện,Quạt Điện
876,Quạt Bàn Đảo 2 Tấc Senko BD230 (27W),225000,225000,0,4.8,21,124,Tuấn Yến HCM,Quạt Điện
877,Quạt đứng điều khiển từ xa Senko hàng chính hãng - DR1608,765000,770000,1,4.8,19,67,Tuấn Yến HCM,Quạt Điện
880,Quạt Treo Tường Điều Khiển Từ Xa Senko TR1428 (Remote) - Xám - Hàng chính hãng,511000,516000,1,5.0,28,153,Tuấn Yến HCM,Quạt Điện
881,Quạt Bàn Đảo 3 Tấc Senko BD8860 - Màu Ngẫu Nhiên - Hàng chính hãng,345000,345000,0,4.7,11,17,Tuấn Yến HCM,Quạt Điện
884,Quạt Bàn Đảo 3 Tấc Senko BD860 - Màu ngẫu nhiên - Hàng Chính Hãng,322000,322000,0,5.0,5,10,Tuấn Yến HCM,Quạt Điện
886,Quạt Bàn Panasonic F-400C-Hàng Chính Hãng,1040000,1050000,1,4.8,5,9,Công ty cổ phần Thắng Nây An,Quạt Điện
888,Quạt đứng công nghiệp Senko DCN1806 65W - Hàng Chính Hãng,520000,525000,1,4.5,6,34,Tuấn Yến HCM,Quạt Điện
889,Quạt Lỡ Thân Sắt Senko LTS1636 (Hàng Chính Hãng) - Giao màu ngẫu nhiên,438000,438000,0,4.6,12,66,Tuấn Yến HCM,Quạt Điện
893,Quạt treo điều khiển từ xa TR1628 - Hàng chính hãng,515000,520000,1,5.0,8,27,Tuấn Yến HCM,Quạt Điện
894,Quạt treo tường remote Senko Hàng Chính Hãng - TR1428 - Giao màu ngẫu nhiên,508000,513000,1,4.5,17,62,Tuấn Yến HCM,Quạt Điện
895,Quạt Treo Tường 2 Dây SENKO TC1626 - Màu Ngẫu Nhiên - Hàng Chính Hãng,355000,355000,0,4.7,43,214,Tuấn Yến HCM,Quạt Điện
896,Quạt bàn B4 SENKO B1612 - Hàng chính hãng,325000,325000,0,5.0,2,16,Tuấn Yến HCM,Quạt Điện
897,Quạt Đứng Công Nghiệp Senko DCN1809 (Lồng Quạt Mạ Crom) - Quạt Đứng DCN1807 - Hàng Chính Hãng - Bảo Hành 24 Tháng,605000,809000,25,5.0,1,2,Edistributor,Quạt Điện
898,Quạt treo tường remote Senko Hàng Chính Hãng - TR1683,515000,520000,1,3.5,2,9,Tuấn Yến HCM,Quạt Điện
899,Quạt bàn B4 Senko B1612 - Giao màu ngẫu nhiên - Hàng Chính Hãng,322000,322000,0,5.0,4,32,Tuấn Yến HCM,Quạt Điện
902,Quạt hút thông gió phi 150 - Quạt hút gió đồng trục cấp khí tươi cho công trình nhà - Hàng chính hãng GDXLFJ siêu chống ồn,1250000,1250000,0,4.8,10,34,Shop Công Cụ Thông Minh,Quạt Điện
903,Quạt đứng Toshiba F- LSA20(H)VN (60W) - Xám - Hàng chính hãng,1510500,1590000,5,4.8,4,13,TOSHIBA Official Store,Quạt Điện
904,Quạt Sạc Kiêm Đèn Sạc HONJIANDA HJD- FL301 LED - Hàng chính hãng,777000,782000,1,4.7,7,31,Tuấn Yến HCM,Quạt Điện
905,Quạt đứng thân sắt SENKO DTS1609 - Hàng chính hãng,486000,491000,1,5.0,3,11,Tuấn Yến HCM,Quạt Điện
907,Quạt Bàn Đảo 3 Tấc Senko BD1012 cao cấp - Màu Ngẫu Nhiên - Hàng chính hãng,322000,322000,0,5.0,17,51,Tuấn Yến HCM,Quạt Điện
908,"Quạt Cây Đứng Mitomo FCE-60 có điều khiễn từ xa, hẹn giờ hàng chính hãng",749000,1278000,41,4.3,11,53,MITOMO ELECTRONIC,Quạt Điện
909,Quạt treo tường Senko TC1880 - Hàng Chính Hãng,455000,460000,1,4.5,2,7,Tuấn Yến HCM,Quạt Điện
910,Quạt Hút Thông Gió Âm Trần Senko HT250 (40W) - Hàng Chính Hãng,299000,299000,0,5.0,7,41,Tuấn Yến HCM,Quạt Điện
911,(ASIA) Quạt sàn Asia TURBO 6 cánh 80w 90w - bán công nghiệp - Hàng chính hãng,729000,729000,0,5.0,22,94,Nhà Sạch Ngon Cơm,Quạt Điện
912, Quạt cây có điều khiển Toshiba F-LSA20(W)VN - Hàng chính hãng,1290000,1590000,19,5.0,5,29,Nguyễn Kim Official,Quạt Điện
913,Quạt Hút Thông Gió Âm Trần Senko HT200 (35W) - Hàng Chính Hãng,288000,288000,0,5.0,8,31,Tuấn Yến HCM,Quạt Điện
914,Quạt treo 2 dây SENKO TC1626 - Hàng chính hãng,355000,355000,0,4.0,2,10,Tuấn Yến HCM,Quạt Điện
918,Quạt đứng Toshiba F-LSA20(H)VN Xám - Hàng chính hãng,1290000,1590000,19,4.8,4,13,Nguyễn Kim Official,Quạt Điện
919,Quạt đứng Toshiba F-LSA10(H)VN - Hàng Chính Hãng,1090000,1230000,11,5.0,1,11,Nguyễn Kim Official,Quạt Điện
920,Quạt treo tường Senko TR1628 có remote điều khiển - Bảo hành 2 năm - Hàng chính hãng - Được chọn màu,511000,516000,1,4.7,23,83,Tuấn Yến HCM,Quạt Điện
923,Quạt bàn mini Senko cao cấp ( Màu ngẫu nhiên ) - Hàng chính hãng,235000,235000,0,5.0,1,12,Tuấn Yến HCM,Quạt Điện
925,Quạt Treo 2 Dây Senko TC1626 (47W) - Hàng chính hãng,355000,355000,0,4.6,8,18,Tuấn Yến HCM,Quạt Điện
929,Quạt Lỡ Senko thân Inox Hàng Chính Hãng - LTS106A,457000,462000,1,5.0,3,8,Tuấn Yến HCM,Quạt Điện
933,Quạt treo 2 dây mẫu mới F23 Senko TC1622 - Hàng chính hãng,419000,419000,0,5.0,6,31,Tuấn Yến HCM,Quạt Điện
935,Quạt đứng Toshiba F-LSA20(H)VN - Hàng Chính Hãng,1310000,1310000,0,5.0,1,3,Yes1 Store,Quạt Điện
937,Quạt hút thông gió 2 chiều âm tường cao cấp Senko H200 35W (Hàng Chính Hãng),288000,288000,0,4.5,5,14,Tuấn Yến HCM,Quạt Điện
938,Quạt Đứng Toshiba F-LSA10(K)VN (50W) - Hàng Chính Hãng,891000,1050000,15,4.7,633,3714,Tiki Trading,Quạt Điện
940,Quạt Bàn Panasonic F-400CB-Hàng Chính Hãng,1120000,1120000,0,5.0,1,2,Yes1 Store,Quạt Điện
941,Quạt Đứng Thân Sắt F32 Senko DTS1607 - Màu ngẫu nhiên - Hàng Chính Hãng,455000,460000,1,5.0,2,11,Tuấn Yến HCM,Quạt Điện
943,Quạt treo tường Senko TR1683 có remote điều khiển từ xa - Hàng chính hãng - Được chọn màu,515000,520000,1,4.6,9,39,Tuấn Yến HCM,Quạt Điện
950,Quạt đứng hẹn giờ SENKO DH1600 - Hàng chính hãng,445000,450000,1,5.0,1,3,Tuấn Yến HCM,Quạt Điện
956,[HCM]Quạt Kẹp Bình 12V Công Nghiệp B3. 3 Tốc Độ Gió Chạy Trực Tiếp NLMT. HÀNG CHÍNH HÃNG,199000,199000,0,4.3,66,189,Thành Hân 3HT,Quạt Điện
958,"Quạt đứng SENKO sải cảnh lớn , hẹn giờ bật tắt cao cấp hàng chính hãng- GIAO MÀU NGẪU NHIÊN  ",445000,450000,1,5.0,7,39,Tuấn Yến HCM,Quạt Điện
961,Quạt Đứng Panasonic F-307KHB -Hàng Chính Hãng,1930000,1950000,1,5.0,1,13,Công ty cổ phần Thắng Nây An,Quạt Điện
962,Quạt Bàn Đảo 2 Tấc Senko BD230 (27W) - Hàng chính hãng,228000,228000,0,4.0,1,6,Tuấn Yến HCM,Quạt Điện
963,Quạt Treo Tường Điều Khiển Từ Xa Senko TR1628 - (màu xám)Hàng Chính Hãng,515000,520000,1,4.8,4,13,Tuấn Yến HCM,Quạt Điện
967,Quạt kẹp mini để bàn Yoobao 2500/6400mAh Y-F04 - Hàng chính hãng,229000,299000,23,5.0,1,10,Long Hưng Official Store,Quạt Điện
971,QUẠT BÀN THAÍ LAN ĐA NĂNG HATARI PS20M1 - Màu ngẫu nhiên - HÀNG CHÍNH HÃNG,500000,500000,0,4.5,31,102,GIA DỤNG VIỆT,Quạt Điện
972,Quạt Bàn Đảo 3 Tấc Senko BD1010 - Màu Ngẫu Nhiên - Hàng chính hãng,354000,354000,0,5.0,3,6,Tuấn Yến HCM,Quạt Điện
985,Quạt Đứng Thân Sắt Senko DTS1609 - Màu ngẫu nhiên - Hàng Chính Hãng,478000,483000,1,4.8,5,24,Tuấn Yến HCM,Quạt Điện
987,Quạt Hộp USS-H3VU-Hàng chính hãng,285000,285000,0,4.5,79,631,Điện Gia dụng USS,Quạt Điện
991,Quạt thông gió/ hút mùi gắn tường Tico TC-15AV6 1 Chiều/2 chiều - Hàng chính hãng,250000,250000,0,5.0,1,5,Công ty cổ phần Thắng Nây An,Quạt Điện
995,"Quạt đá, quạt hơi nước, quạt điều  hoà 45L có bánh xe tặng kèm 2 hộp đá khô, Hàng chính hãng",1340000,1950000,31,5.0,3,6,Minhlam Store,Quạt Điện
999,"Quạt Hơi Nước Mini, Quạt Phun Sương Mini, Quạt Để Bàn 3 Chế Độ Tích Hợp Đèn Led Và Hẹn Giờ Sử Dụng, Màu Ngẫu Nhiên - Hàng Chính Hãng",199000,199000,0,4.5,2,6,Muasam247,Quạt Điện
1000,Chảo chống dính Elmich EL-4718OL,189000,369000,49,4.8,13,66,Tiki Trading,Chảo Chống Dính
1001,Chảo Nướng Chống Dính Kova Vuông HGS,349000,450000,22,4.7,278,2186,Tiki Trading,Chảo Chống Dính
1004,CHẢO INOX CHỐNG DÍNH ELMICH 20CM,590000,590000,0,4.7,3,7,Alô Bếp,Chảo Chống Dính
1005,Chảo Inox Chống Dính Elmich 2355583 (26cm),750000,750000,0,5.0,1,3,Alô Bếp,Chảo Chống Dính
1010,Chảo Nướng Chống Dính Kova Tròn HGR,349000,450000,22,4.6,183,1598,Tiki Trading,Chảo Chống Dính
1015,Chảo Tròn Chống Dính Sunhouse CT 30,210000,210000,0,4.0,1,11,GIA DỤNG VIỆT,Chảo Chống Dính
1016,Chảo nhôm chống dính Elmich Harmonia EL-3779,195000,339000,42,5.0,9,66,Tiki Trading,Chảo Chống Dính
1017,Chảo chống dính Full induction Elmich Hera,232750,499000,53,4.0,7,50,Tiki Trading,Chảo Chống Dính
1020,Chảo Chống Dính Inox 304 Elmich Zeus EL2350978 (28cm),962000,962000,0,5.0,1,3,Alô Bếp,Chảo Chống Dính
1023,Chảo chống dính Elmich EL7102Max size,200450,269250,26,5.0,1,13,Tiki Trading,Chảo Chống Dính
1027,Chảo chống dính vân đá Elmich EL-4710OL,193000,350000,45,4.8,4,29,Tiki Trading,Chảo Chống Dính
1031,Chảo Trơn Chống Dính Sunhouse CT30 30cm,210000,210000,0,5.0,2,17,GIA DỤNG VIỆT,Chảo Chống Dính
1037,Chảo Chống Dính Đá Sunhouse SBD18 - 18cm,189900,260000,27,4.7,781,4658,Tiki Trading,Chảo Chống Dính
1045,Chảo Sâu Chống Dính Sunhouse SHS30 30cm,231300,360000,36,3.3,7,71,Tiki Trading,Chảo Chống Dính
1047,Chảo sâu lòng chống dính đáy từ Tefal So Matcha - 20cm,242250,449000,46,5.0,3,12,Tiki Trading,Chảo Chống Dính
1049,Chảo Đáy Từ Chống Dính Sunhouse SHM26 26cm,209700,300000,30,4.2,136,897,Tiki Trading,Chảo Chống Dính
1051,CHẢO NHÔM CHỐNG DÍNH ELMICH HARMONIA EL-3779 DÙNG TỪ,228000,228000,0,4.7,37,136,Alô Bếp,Chảo Chống Dính
1052,Chảo Đáy Từ Chống Dính Sunhouse SHM28 28cm,189000,189000,0,4.5,2,33,GIA DỤNG VIỆT,Chảo Chống Dính
1055,Chảo chống dính SmartCook SM7218 - Hàng Elmich Chính Hãng,194000,194000,0,4.7,48,180,Alô Bếp,Chảo Chống Dính
1063,Chảo Đá Nướng Chống Dính 33cm ECORAMIC Chính Hãng,399000,399000,0,5.0,3,24,TC HOUSE HCM,Chảo Chống Dính
1069,Chảo Đáy Từ Chống Dính Sunhouse SHM30 30cm,199000,199000,0,4.8,4,13,GIA DỤNG VIỆT,Chảo Chống Dính
1071,CHẢO INOX CHỐNG DÍNH ELMICH 3 ĐÁY MAX B 24CM,290000,290000,0,4.8,10,19,Alô Bếp,Chảo Chống Dính
1074,Chảo Chống Dính Inox 304 Zeus Elmich EL0978 (28cm),1020000,1020000,0,5.0,2,3,Alô Bếp,Chảo Chống Dính
1075,CHẢO INOX CHỐNG DÍNH ELMICH 3 ĐÁY MAX A 16CM,289000,289000,0,5.0,1,2,Tổng kho Elmic,Chảo Chống Dính
1076,Chảo Đá Chống Dính Siêu Bền Sunhouse SBD30 30cm,295680,480000,38,5.0,30,203,Tiki Trading,Chảo Chống Dính
1077,Cặp Chảo Chống Dính Đáy Từ Sunhouse SHG112026MGC - Xanh,379050,379050,0,3.3,3,16,Bep Gia Hung,Chảo Chống Dính
1078,Chảo Vân Đá Tự Nhiên Chống Dính Elmich Opal EL-3804,470000,1150000,59,4.6,19,58,Tiki Trading,Chảo Chống Dính
1085,Chảo Đá Chống Dính Siêu Bền Sunhouse SBD24 24cm,210600,320000,34,4.8,66,608,Tiki Trading,Chảo Chống Dính
1086,Chảo Đá Chống Dính Siêu Bền Sunhouse SBD28 28cm,271040,430000,37,4.6,1208,8892,Tiki Trading,Chảo Chống Dính
1087,Chảo chống dính Inox liền khối Elmich Trimax Cz EL-3835 size,498000,629000,21,4.6,20,99,Tiki Trading,Chảo Chống Dính
1088,CHẢO INOX CHỐNG DÍNH ELMICH 3 ĐÁY MAX A 24CM,440000,440000,0,4.6,76,250,Alô Bếp,Chảo Chống Dính
1089,CHẢO INOX CHỐNG DÍNH ELMICH 3 ĐÁY MAX A 16CM,330000,330000,0,4.5,107,439,Alô Bếp,Chảo Chống Dính
1091,Chảo Đá Chống Dính Siêu Bền Sunhouse SBD26 26cm,195000,195000,0,5.0,1,2,GIA DỤNG VIỆT,Chảo Chống Dính
1092,CHẢO INOX CHỐNG DÍNH ELMICH 3 ĐÁY MAX A 20CM,350000,350000,0,4.7,49,141,Alô Bếp,Chảo Chống Dính
1093,CHẢO INOX CHỐNG DÍNH ELMICH 3 ĐÁY MAX B 20CM,234000,234000,0,4.2,5,16,Alô Bếp,Chảo Chống Dính
1101,Chảo chống dính siêu bền Elmich EL-5942GY - Hàng Chính Hãng,215650,369000,42,5.0,4,30,Tiki Trading,Chảo Chống Dính
1103,Chảo chống dính siêu bền Elmich EL-5942SK - Hàng Chính Hãng,249050,429000,42,5.0,2,11,Tiki Trading,Chảo Chống Dính
1111,"Chảo Inox nguyên khối, chống dính vân đá 3D Elmich Trimax EL2416OL size",358000,516750,31,5.0,8,43,Tiki Trading,Chảo Chống Dính
1112,Chảo Inox Chống Dính 3 Đáy Elmich MaxA El3760/ 16cm,330000,330000,0,4.6,14,43,Alô Bếp,Chảo Chống Dính
1113,Chảo Elmich chống dính đáy từ EL5733MN size 20cm,264742,278500,5,5.0,1,2,Săn Hàng Rẻ,Chảo Chống Dính
1120,Chảo sâu lòng chống dính đáy từ Tefal So Chef,440000,739000,40,5.0,9,29,Tiki Trading,Chảo Chống Dính
1121,Chảo chống dính 2 lớp size 26cm Elmich Smartcook-hàng chính hãng,189000,189000,0,4.8,5,14,Gia Dụng NuHa,Chảo Chống Dính
1122,Combo 2 chảo chống dính Elmich 3 đáy MaxB size 16 & 20cm,699000,699000,0,5.0,3,13,Elmich Outlet,Chảo Chống Dính
1127,Chảo đáy từ chống dính cao cấp- Tefal So Chef- Hàng chính hãng,249000,249000,0,5.0,22,83,Nhà Sạch Ngon Cơm,Chảo Chống Dính
1137,Chảo chống dính cao cấp đáy từ SM-0390 Teria size 26 cm,235000,235000,0,5.0,9,23,Alô Bếp,Chảo Chống Dính
1141,Chảo nhôm chống dính cao cấp đáy từ Full Induction Elmich Nero Premium,309187,425000,27,4.0,1,3,Săn Hàng Rẻ,Chảo Chống Dính
1148,Chảo chống dính siêu bền Elmich Hera II EL-5941BE - Hàng Chính Hãng,251600,479000,47,5.0,1,8,Tiki Trading,Chảo Chống Dính
1149,Chảo Chống Dính Cao Cấp Elmich Tri-Max Liền Khối EL-3739 26cm,614000,614000,0,3.4,5,36,Alô Bếp,Chảo Chống Dính
1151,Chảo chống dính inox cao cấp 2 lớp đáy liền Tri-max [Elmich - 3738] ,550000,550000,0,5.0,1,1,Alô Bếp,Chảo Chống Dính
1152,Chảo chống dính inox liền khối Elmich Trimax CZ EL-3835 size 20cm,449000,449000,0,5.0,1,2,Tổng kho Elmic,Chảo Chống Dính
1153,Chảo Chống Dính Inox 3 Đáy Elmich Max A El3761- Size 20cm,370000,370000,0,3.3,3,42,Alô Bếp,Chảo Chống Dính
1155,CHẢO INOX CHỐNG DÍNH ELMICH 2 LỚP CAO CẤP ĐÁY LIỀN TRI-MAX XS,480000,480000,0,4.8,16,55,Alô Bếp,Chảo Chống Dính
1156,"Bộ chảo inox chống dính đáy liền Elmich 2102OL size 20, 26cm",670000,1450000,54,4.5,15,57,Tiki Trading,Chảo Chống Dính
1158,Chảo chống dính siêu bền Elmich Hera II EL-5941SK - Hàng Chính Hãng,251600,479000,47,1.0,1,3,Tiki Trading,Chảo Chống Dính
1161,[Elmich - 3740] Chảo chống dính inox cao cấp 2 lớp đáy liền Tri-max,635000,635000,0,5.0,1,1,Alô Bếp,Chảo Chống Dính
1163,Chảo chống dính siêu bền Elmich Hera II EL-5941GY - Hàng Chính Hãng,251600,479000,47,5.0,2,16,Tiki Trading,Chảo Chống Dính
1164,Chảo xào chống dính cao cấp đáy từ Emich 4701OL size 28cm,228950,800000,71,3.6,23,132,Tiki Trading,Chảo Chống Dính
1167,Chảo nhôm chống dính đáy từ 20cm Elmich EL40020 hàng chính hãng,274995,315000,13,4.5,2,3,Săn Hàng Rẻ,Chảo Chống Dính
1172,[Elmich - 3737] Chảo chống dính inox cao cấp 2 lớp đáy liền Tri-max,460000,460000,0,5.0,2,5,Alô Bếp,Chảo Chống Dính
1182,Chảo chống dính Ultra titanium Sunhouse ST20B - Dùng cho mọi loại bếp - Hàng chính hãng,384560,650000,41,4.5,62,287,Tiki Trading,Chảo Chống Dính
1184,Chảo  Chống Dính Inox 304 3 lớp Đáy Từ  Chống Dính ELMICH MaxA 3760 16cm/3761 20cm/3762 24cm/3763 26cm,369000,369000,0,4.6,12,39,Elmich Outlet,Chảo Chống Dính
1194,Chảo Vân Đá Tự Nhiên Chống Dính Elmich Opal EL-380x dùng bép từ,219000,219000,0,4.0,3,5,Alô Bếp,Chảo Chống Dính
1197,Chảo sâu lòng chống dính Elmich 20cm -El7102 dùng được bếp từ,267962,325000,18,4.8,6,10,Săn Hàng Rẻ,Chảo Chống Dính
1201,Chảo Chống Dính Inox 304 Liền Đáy Elmich Hera 20cm Có Miệng Rót Nhiều Màu,524875,650000,19,3.0,2,3,M2P Shop,Chảo Chống Dính
1204,Chảo chống dính Inox dập nguyên khối Elmich Trimax Classic EL-2704OL size 20cm,307000,710000,57,4.5,15,66,Tiki Trading,Chảo Chống Dính
1205,"Chảo xào chống dính vân đá cao cấp, đáy từ Elmich 4702OL size 30cm",212500,860000,75,4.6,30,177,Tiki Trading,Chảo Chống Dính
1208,Chảo ELMICH Sâu Lòng - Đáy Từ - Chống Dính 3 Lớp Made in VN - 28cm (EL7105),338000,549000,38,4.1,88,377,Tiki Trading,Chảo Chống Dính
1215,Chảo chiên lòng sâu chống dính Tefal dùng cho bếp từ - Tefal So Chef 28cm,459000,459000,0,5.0,1,10,Nhà Sạch Ngon Cơm,Chảo Chống Dính
1217,Chảo chống dính Inox dập nguyên khối Elmich Trimax Classic EL-2703OL size 26cm,371000,900000,59,4.5,28,146,Tiki Trading,Chảo Chống Dính
1218,"Chảo chiên chống dính Tefal Primary 20cm, 24cm, 26cm, 28cm - Hàng Chính Hãng",264000,329000,20,5.0,2,2,JA STORE,Chảo Chống Dính
1220,Chảo sâu lòng chống dính inox liền khối Elmich Trimax CZ EL-3835 size 20cm,470000,470000,0,4.8,8,28,Alô Bếp,Chảo Chống Dính
1227,Chảo nhôm chống dính KitchenAid,1955000,1990000,2,5.0,2,3,Kitchen Koncept,Chảo Chống Dính
1228,Chảo vân đá tự nhiên chống dính Elmich Opal 20cm EL-3805 - Hàng Chính Hãng Elmich,230000,230000,0,4.8,4,15,Alô Bếp,Chảo Chống Dính
1231,"Chảo chống dính đáy từ Ultra Titanium Sunhouse ST20B, ST26B, ST28B, ST30B, Chống dính Ultra Titanium có độ bền 15 năm",479000,479000,0,4.3,3,11,Do Gia Dung Ha Linh,Chảo Chống Dính
1236,Chảo chống dính elmich Inox 2 lớp cao cấp đáy liền Trimax XP EL 3756 size 20cm,299000,299000,0,4.3,4,7,Alô Bếp,Chảo Chống Dính
1245,Chảo chống dính Inox đáy từ nguyên khối đáy liên Elmich Trimax Classic EL-2702OL size 24cm,303000,820000,63,4.8,88,624,Tiki Trading,Chảo Chống Dính
1249,Chảo chống dính cao cấp Inox 304 liền khối Elmich Tri-Max EL-3737 20cm - Hàng chính hãng,490000,490000,0,4.5,13,37,Alô Bếp,Chảo Chống Dính
1251,"Chảo chiên chống dính đáy từ Tefal So Chef 28cm, dùng cho mọi loại bếp- Hàng chính hãng",425000,435000,2,5.0,16,55,AM MART,Chảo Chống Dính
1252,"Chảo chống dính siêu bền Elmich EL-5942BE Size 20, 24, 26 và 28cm - Hàng Chính Hãng",215650,369000,42,5.0,11,77,Tiki Trading,Chảo Chống Dính
1253,Chảo chống dính cao cấp Inox 304 liền khối Elmich Tri-Max EL-3738 24cm - Hàng chính hãng,590000,590000,0,3.5,4,19,Alô Bếp,Chảo Chống Dính
1254,"Chảo sâu lòng chống dính Tefal Natura 26cm, dùng cho bếp gas và hồng ngoại- Hàng chính hãng",281600,509000,45,1.0,1,1,Tiki Trading,Chảo Chống Dính
1261,"Chảo chống dính vân đá 3D EL4706OL size 20cm, 24cm, 26cm, 28cm",344000,499000,31,5.0,2,30,Tiki Trading,Chảo Chống Dính
1264,CHẢO INOX  3 ĐÁY CHỐNG DÍNH ELMICH SMARTCOOK MAX B  (Size 16 - 20 - 24 - 26cm) - Hàng Chính Hãng,194000,194000,0,5.0,3,10,Alô Bếp,Chảo Chống Dính
1266,"Chảo sâu lòng chống dính đáy từ Tefal So Chef 24cm, dùng cho mọi loại bếp- Hàng chính hãng",349000,418800,17,4.8,16,63,AM MART,Chảo Chống Dính
1270,Chảo Gang Nướng Chống Dính Vạn Lợi,295000,295000,0,4.5,36,203,Kat shop,Chảo Chống Dính
1271,CHẢO CHỐNG DÍNH CAO CẤP KALPEN LIPPER,197800,224000,12,5.0,1,3,M2P Shop,Chảo Chống Dính
1276,"Chảo chống dính đáy từ vân đá Green cook, chảo chống dính bếp từ Green Cook GCP02",289500,310000,7,5.0,35,161,Bếp Tôi,Chảo Chống Dính
1278,Chảo Nướng Chống Dính Maxsun (Tròn) - Lỗ Thoát Dầu Mỡ | Không Khói | 4 Lớp | Phủ Đá Cao Cấp | Hàng Chính Hãng,379000,490000,23,5.0,2,10,Daesun Vina,Chảo Chống Dính
1281,Chảo Nướng Chống Dính Maxsun MG-204 - Phủ Đá Cao Cấp - Vân Mai Rùa | 4 Lớp | Không Khói | Hàng Chính Hãng,409000,459000,11,5.0,3,4,Daesun Vina,Chảo Chống Dính
1290,Chảo Chống Dính 3 Đáy Fivestar (16cm),310000,310000,0,5.0,4,39,SHOP BẾP XINH,Chảo Chống Dính
1294,Chảo chống dính Fivestar 2 lớp 2 quai,540000,540000,0,5.0,1,8,FIVESTAR OFFICIAL STORE,Chảo Chống Dính
1302,Chảo nướng chống dính Dr.Hows BBQ Pallete,792000,792000,0,4.7,6,17,Dr.HOWS Official,Chảo Chống Dính
1308,"Chảo chiên chống dính đáy từ Tefal Unlimited 22cm,dùng cho mọi loại bếp- Sản xuất tại Pháp - Hàng chính hãng",1211000,1241000,2,5.0,1,2,Công ty Kỷ Nguyên,Chảo Chống Dính
1315,Chảo Inox Chống Dính Đáy Liền Elmich TriMax Đáy Từ Tiêu Chuẩn Châu Âu (20cm; 24cm; 26cm; 28cm),490000,490000,0,4.5,26,111,Alô Bếp,Chảo Chống Dính
1318,"Chảo chiên chống dính đáy từ Tefal So Chef 24cm, dùng cho mọi loại bếp- Hàng chính hãng",341440,569000,40,4.5,14,69,Tiki Trading,Chảo Chống Dính
1332,Chảo chống dính Five star cao cấp 30cm,620000,620000,0,5.0,7,27,SHOP BẾP XINH,Chảo Chống Dính
1346,"Chảo chiên chống dính đày từ Tefal So Chef 21cm, dùng cho mọi loại bếp- Hàng chính hãng",295000,326400,10,4.8,13,103,AM MART,Chảo Chống Dính
1359,Chảo Xào 2 Quai Chống Dính You Cook 32cm,189000,189000,0,5.0,1,8,You Cook Store,Chảo Chống Dính
1361,Chảo Inox cao cấp 5 Đáy chống dính siêu bền Sunhouse IN26M2 - 26cm - Dùng trên mọi loại bếp - Hàng chính hãng,372240,600000,38,4.3,21,74,Tiki Trading,Chảo Chống Dính
1364,Chảo Nhôm Chống Dính Vấn Đá You Cook 26cm,269900,269900,0,5.0,1,1,You Cook Store,Chảo Chống Dính
1366,Chảo chống dính đáy từ Happy Cook ceragreen,220000,359000,39,4.7,3,14,Tiki Trading,Chảo Chống Dính
1369,Chảo Xào 2 Quai Chống Dính You Cook 34cm,209900,209900,0,5.0,5,17,You Cook Store,Chảo Chống Dính
1372,Chảo xào chống dính Dr.HOWS WINSSUM 24/28cm,477000,477000,0,5.0,1,1,Dr.HOWS Official,Chảo Chống Dính
1379,Chảo đá chống dính Ecoramic siêu bền nhiều lựa chọn - Sâu 28cm,796600,796600,0,5.0,2,19,Côngty TNHH Nguyên Liệu Y Phục,Chảo Chống Dính
1388,Chảo Inox cao cấp 5 Đáy chống dính siêu bền Sunhouse IN20M2 - 20 cm - Dùng trên mọi loại bếp - Hàng chính hãng,291280,450000,35,4.7,137,568,Tiki Trading,Chảo Chống Dính
1391,Chảo Chống Dính Cao Cấp WMF FP DEVIL 24CM  - 0733646299,1200000,1790000,33,5.0,3,10,WMF Official Store,Chảo Chống Dính
1403,Chảo Chống Dính Cao cấp WMF FP DEVIL 28 CM - 0733686299,1400000,1980000,29,4.0,1,1,WMF Official Store,Chảo Chống Dính
1407,Chảo Sâu Chống Dính Kim Cương HappyCook KCWP-26 (26cm),342000,379000,10,4.0,6,17,Tiki Trading,Chảo Chống Dính
1412,Madura – Chảo Nhôm Chống Dính Zwilling J.A.Henckels 20cm,1555000,1590000,2,4.0,1,3,Kitchen Koncept,Chảo Chống Dính
1413,Chảo Nhôm Chống Dính Sâu Vân Đá You Cook 24cm,269900,269900,0,4.7,3,4,You Cook Store,Chảo Chống Dính
1416,Chảo Chống Dính Bếp Từ Fivestar Tặng 5 Muỗng - Đen,310000,310000,0,4.8,11,48,FIVESTAR OFFICIAL STORE,Chảo Chống Dính
1423,Chảo Nhôm Chống Dính Sâu Vân Đá You Cook 26cm,299900,299900,0,3.7,3,7,You Cook Store,Chảo Chống Dính
1426,Chảo chống dính Inox 3 đáy Fivestar dùng bếp từ,309187,375000,18,4.8,10,62,Săn Hàng Rẻ,Chảo Chống Dính
1427,"Chảo nhôm chống dính Kangaroo vân đá, đáy từ KG661XL (size",355000,590000,40,5.0,4,24,Tiki Trading,Chảo Chống Dính
1428,Chảo Chống Dính Happy Cook MFP-24IH GRAY (24cm),200000,351000,43,4.5,27,362,Tiki Trading,Chảo Chống Dính
1429,Chảo chống dính Five star cao cấp 3 đáy 32cm,690000,690000,0,4.7,3,6,SHOP BẾP XINH,Chảo Chống Dính
1435,Chảo chiên xào sâu lòng đáy từ chống dính Tefal Unlimited 28cm - dùng cho mọi loại bếp - G2551902 - Sản xuất tại Pháp - Hàng chính hãng,1475000,1490000,1,5.0,1,1,Telovietnam,Chảo Chống Dính
1437,"[Hàng chính hãng] Bộ 3 nồi, chảo chống dính bếp từ hiệu Neoflam Reverse. Bộ sản phẩm bao gồm, 01 nồi sâu chống dính 20cm, 01 chảo sâu, đa năng",1609300,1694000,5,5.0,1,1,GIA DỤNG TIỆN ÍCH MINH NGỌC,Chảo Chống Dính
1440,Chảo chống dính và nắp kính Fivestar 32cm tặng 5 muỗng,494000,494000,0,5.0,3,7,FIVESTAR OFFICIAL STORE,Chảo Chống Dính
1443,Chảo Chống Dính Bếp Từ Fivestar Tặng 5 Muỗng Inox Cao Cấp - Đen,310000,310000,0,4.8,53,191,FIVESTAR OFFICIAL STORE,Chảo Chống Dính
1444,Chảo Chống Dính 3 Lớp Vân Đá Inox 304 Fivestar,780000,780000,0,5.0,2,22,SHOP BẾP XINH,Chảo Chống Dính
1454,Chảo Chống Dính Bếp Từ Fivestar Tặng 5 Muỗng (24cm),450000,450000,0,4.8,6,49,SHOP BẾP XINH,Chảo Chống Dính
1464,Chảo từ chống dính vân đá sâu lòng Green Cook GCP02-24IH size 24cm - Hàng chính hãng,239000,239000,0,4.7,3,4,Home Star Store,Chảo Chống Dính
1468,Chảo Nhôm Chống Dính Đáy Từ Kangaroo KG654M (26cm),239000,239000,0,5.0,1,4,Bếp Minh Hà,Chảo Chống Dính
1476,Chảo Vân Đá Chống Dính Đáy Từ Sâu Lòng ECORAMIC Hàn Quốc,265000,265000,0,5.0,1,3,TC HOUSE HCM,Chảo Chống Dính
1480,Chảo chống dính bếp từ iMat Hybrid kết hợp giữa lớp phủ điêu khắc chống dính Daikin và inox 430 chống xước,1940000,1940000,0,5.0,1,1,iMat Gia dụng tiện ích,Chảo Chống Dính
1483,"Chảo Đá Nướng Chống Dính Ecoramic Chính Hãng Cao Cấp, Siêu bền size 33cm, Dùng cho mọi loại bếp trừ bếp từ, Bảo hành chính hãng 2 tháng",419000,459000,9,5.0,15,52,HDM Store,Chảo Chống Dính
1491,Chảo tổ ong chống dính sâu lòng Inox 304 cao cấp Fivestar Blackcube,600000,600000,0,5.0,3,25,A2ZMART,Chảo Chống Dính
1492,Chảo Chống Dính Bếp Từ Fivestar (24 cm) + Tặng 5 Muỗng Inox,490000,490000,0,4.6,12,65,SHOP BẾP XINH,Chảo Chống Dính
1493,Chảo Chống Dính Black Cube Mishio MK252 30cm - Hàng chính hãng,399000,590000,32,4.5,11,37,Mishio Kachi Official,Chảo Chống Dính
1495,Chảo Chống Dính Blackcube 3 Lớp Đáy Liền Fivestar (16cm/28cm),869000,899000,3,5.0,2,6,Săn Hàng Rẻ,Chảo Chống Dính
1500,"Nồi cơm điện tử Cuckoo 1.08L CR-0690F nhiều chế độ nấu, lòng nồi chống dính, thiết kế sang trọng - Hàng chính hãng",1970000,2190000,10,5.0,2,4,Tiki Trading,Nồi Cơm Điện
1501,Nồi cơm điện tử Cuckoo CR-1020F/BKWHVNCV 1.8 lít - Hàng chính hãng,1750000,2350000,26,4.0,1,1,Tiki Trading,Nồi Cơm Điện
1502,Nồi cơm điện tử Tefal RK733168 - Hàng chính hãng,901000,1699000,47,3.7,3,19,Tiki Trading,Nồi Cơm Điện
1503,Nồi Cơm Điện Tử Toshiba RC-10NMFVN (WT) (1 Lít) - Hàng Chính Hãng,1890000,2550000,26,4.8,178,7698,Tiki Trading,Nồi Cơm Điện
1504,Nồi cơm điện tử Tefal 1.8L - Thương hiệu Pháp - RK732168- Hàng chính hãng,629000,1258000,50,4.8,34,209,Nguyễn Kim Official,Nồi Cơm Điện
1506,Nồi Cơm Điện Tử TOSHIBA RC-10NMF (WT) (1 Lít) Thái Lan - Hàng nhập khẩu,1999000,1999000,0,5.0,8,37,dienmaycuongviet,Nồi Cơm Điện
1507,Nồi Cơm Điện Tử Toshiba RC-10DH2PV(W) - Hàng chính hãng,990000,1720000,42,5.0,2,6,Nguyễn Kim Official,Nồi Cơm Điện
1508,Nồi cơm điện Mini Cuckoo 0.36L CR-0255MW - Lòng nồi chống dính- Hàng chính hãng,1460000,1550000,6,1.0,1,4,CUCKOO Official Store,Nồi Cơm Điện
1512,Nồi cơm điện tử cao tần Tefal RK818A68 - 1.8L - Thương hiệu Pháp - Hàng chính hãng,2125000,3499000,39,5.0,4,16,Tiki Trading,Nồi Cơm Điện
1523,Nồi Cơm Điện Lock&Lock EJR716IVY 0.8L - Hàng Chính Hãng,798870,1703000,53,4.6,714,2849,Tiki Trading,Nồi Cơm Điện
1525,Nồi Cơm Điện Tử Cuckoo CR-0631F (1L) - Hàng Chính Hãng,2190000,2989000,27,4.7,113,521,Tiki Trading,Nồi Cơm Điện
1526,Nồi cơm điện tử Elmich RCE-1789 (1.2 Lít) - Hàng chính hãng,1147500,1899000,40,4.7,42,172,Tiki Trading,Nồi Cơm Điện
1527,Nồi cơm điện TOSHIBA RC-18NMF-WT Thái Lan Hàng nhập khẩu,2250000,2250000,0,4.8,13,37,elecvina,Nồi Cơm Điện
1528,Nồi cơm điện Cuckoo 3 lít CR-1720/SIVNCV màu bạc - Hàng chính hãng,2200000,2860000,23,5.0,5,27,CUCKOO Official Store,Nồi Cơm Điện
1534,Nồi cơm điện tử Elmich 0.8L RCE-3915 - Hàng Chính Hãng,719100,1599000,55,5.0,5,47,Tiki Trading,Nồi Cơm Điện
1538,Nồi cơm điện Cuckoo 1.08L CR-0671 - Lòng nồi chống dính - Tiết kiệm điện - Hàng chính hãng Cuckoo Vina,910000,1180000,23,4.5,25,112,CUCKOO Official Store,Nồi Cơm Điện
1541,Nồi cơm điện Tefal 0.7 lít RK224168 - Hàng chính hãng,790000,999000,21,5.0,7,11,Nguyễn Kim Official,Nồi Cơm Điện
1542,Nồi Cơm Điện Tử Toshiba RC-10NMFVN (WT) (1 Lít) - Hàng Chính Hãng,2179000,2179000,0,5.0,1,1,Điện Máy Sao Kim,Nồi Cơm Điện
1549,Nồi cơm điện tử Tefal- 1.8L - Thương hiệu Pháp - RK733168 - Hàng chính hãng,1049000,1299000,19,5.0,3,14,AM MART,Nồi Cơm Điện
1550,"Nồi cơm điện tử Cuckoo 1.8L CR-1050F nấu đa chức năng, thiết kế hiện đại - Bảo hành 2 năm - Hàng chính hãng Cuckoo",1900000,2290000,17,5.0,2,9,CUCKOO Official Store,Nồi Cơm Điện
1551,Nồi cơm điện tử Cuckoo 1.8L CR-1020F - Lòng nồi chống dính - Nhiều chế độ nấu ăn - Tiết kiệm điện - Hàng chính hãng,1590000,2350000,32,4.7,11,38,Tiki Trading,Nồi Cơm Điện
1559,Nồi cơm điện mini Tefal 1L - Thương hiệu Pháp - RK730168 - Hàng chính hãng,1065000,1254000,15,5.0,2,14,AM MART,Nồi Cơm Điện
1571,Nồi cơm điện tử Philips HD4515/55 (1.8 lít) - Hàng Chính Hãng,1370000,1999000,31,5.0,2,10,Tiki Trading,Nồi Cơm Điện
1574,Nồi cơm điện tử Tefal - 1.8L - Thương hiệu Pháp - RK736B68- Hàng chính hãng,1290000,1720000,25,4.6,16,67,Nguyễn Kim Official,Nồi Cơm Điện
1584,Nồi Cơm Điện Tử Toshiba RC-18DH2PV(W) (1.8 Lít) - Hàng chính hãng,1550000,1920000,19,4.7,296,777,Tiki Trading,Nồi Cơm Điện
1586,Nồi cơm điện cơ Tefal 2L - Thương hiệu Pháp - RK364A68 - Hàng chính hãng,1135000,1150000,1,5.0,2,2,Telovietnam,Nồi Cơm Điện
1588,Nồi cơm điện tử Tefal Rice Mate Mini 0.7L RK515168 - Hàng chính hãng,976800,1699000,43,5.0,5,31,Tiki Trading,Nồi Cơm Điện
1590,Nồi cơm điện tử Toshiba 1.8 lít RC-18DR3PV(G) - Hàng chính hãng,1700000,1700000,0,5.0,1,2,Điện Máy Vạn Kim Tín,Nồi Cơm Điện
1608,Nồi cơm điện tử Nagakawa NAG0142 (1.5L) - 10 chương trình nấu - Hàng chính hãng),849150,1490000,43,4.8,6,27,Tiki Trading,Nồi Cơm Điện
1609,Nồi cơm điện tử cao tần Tefal 1.5L - Thương hiệu Pháp - RK808168 - Hàng chính hãng,1592800,2999000,47,5.0,2,10,Tiki Trading,Nồi Cơm Điện
1611,Nồi cơm điện tử Toshiba RC-18DR3PV(G) (1.8 Lít) - Vàng đồng - Hành Chính Hãng,2199000,2400000,8,5.0,1,1,Trương Thiên Long,Nồi Cơm Điện
1625,"Nồi cơm điện tử Cuckoo CR-0631F/WHSIVNCV 1.08L màu trắng bạc, Hàng chính hãng, xuất xứ Hà Quốc",2190000,2190000,0,5.0,2,2,Điện gia dụng Khánh Kim,Nồi Cơm Điện
1626,"Nồi cơm điện tử Toshiba RC-10DH2PV(W) - 1.0L - Lòng nồi dày 2.2mm, chống dính - Hàng chính hãng, bảo hành 12 tháng",1179000,1720000,31,5.0,2,2,Gia Dụng Lạc Khải,Nồi Cơm Điện
1630,"Nồi cơm điện Electrolux 1.8L E4RC1-320P, Thiết kế đa năng, dung tích lớn [ Hàng chính hãng]",629800,890000,29,5.0,3,27,Electrolux Official Store,Nồi Cơm Điện
1635,"Nồi cơm điện tử Cuckoo 1.08L CR-0690F-BKBKCRVNCV_ màu đen, nhiều chế độ nấu, lòng nồi chống dính, thiết kế sang trọng - Bảo hành 2 năm - Hàng chính hãng Cuckoo Vina",1870000,2190000,15,5.0,1,5,CUCKOO Official Store,Nồi Cơm Điện
1636,Nồi cơm điện tử cao tần Tefal RK762168 1.5L CN Nấu nhanh - BH 2 năm - Hàng Chính Hãng,2220000,3699000,40,5.0,1,2,JA STORE,Nồi Cơm Điện
1644,"Nồi cơm điện tử Toshiba 1.8 lít RC-18DR3PV(G) - Hàng chính hãng - Bảo hành chính hãng 12 tháng, Chất lượng Nhật Bản",1689000,2390000,29,5.0,2,6,Gia Dụng Lạc Khải,Nồi Cơm Điện
1645,Nồi cơm điện Sharp KS-183TJV-CH-Hàng Chính Hãng,892000,1080000,17,1.0,1,2,Edistributor,Nồi Cơm Điện
1650,"Nồi Cơm Điện Tử Bluestone RCB-5949, Lòng Nồi Niêu 1.5Lit-860w, Hàng Chính Hãng",1549000,1999000,23,4.6,8,40,TD Electrical Supermarket,Nồi Cơm Điện
1663,"Nồi cơm điện tử Hitachi RZ-S18VN, dung tích 1.8L, màu đen, 16 chế độ nấu - Hàng chính hãng",2069000,2390000,13,5.0,1,1,Gia Dụng Lạc Khải,Nồi Cơm Điện
1669,Nồi Cơm Điện Tử Sharp KS-TH18-GL - Hàng chính hãng,1640000,2250000,27,5.0,8,27,Tiki Trading,Nồi Cơm Điện
1671,NỒI CƠM ĐIỆN TỬ 1.8L SUNHOUSE SHD8909 - Hàng chính hãng,875000,875000,0,5.0,2,6,GREENBOX,Nồi Cơm Điện
1679,NỒI CƠM ĐIỆN SUNHOUSE SHD8802 (1.0 Lít)- Hàng chính hãng,818400,2030000,60,4.8,9,44,Tiki Trading,Nồi Cơm Điện
1684,Nồi Cơm Điện Cao Tần Kangaroo KG599N (1.8L) - Hàng chính hãng,2170000,3228000,33,3.1,8,109,Tiki Trading,Nồi Cơm Điện
1690,Nồi Cơm Điện Tử Cảm Ứng Nagakawa NAG0136 Trắng đen - Giảm tinh bột - Lòng niêu chống dính - 11 chức năng (1.2L - 500W) - Hàng Chính Hãng,1140000,1860000,39,4.5,66,232,Tiki Trading,Nồi Cơm Điện
1691,"Nồi cơm điện Sharp 1.8L KS-181TJV ""BM"" - Hàng chính hãng",590000,750000,21,5.0,2,17,Nguyễn Kim Official,Nồi Cơm Điện
1699,"Nồi Cơm Điện Tử BlueStone RCB-5938 (1,8 Lít) - Hàng chính hãng",1138000,2999000,62,5.0,1,2,BLUESTONE OFFICIAL STORE,Nồi Cơm Điện
1700,Nồi cơm điện Xiaomi IH 3L MFB2AM- Hàng nhập khẩu,1785000,1785000,0,5.0,1,1,The Gioi Dien May Shop,Nồi Cơm Điện
1704,Nồi Cơm Điện Mini đa năng 0.8 lít Lock&Lock EJR326 - Hàng chính hãng,1197000,1709000,30,4.7,31,117,JA STORE,Nồi Cơm Điện
1713,Nồi Cơm Điện Tử Lòng Niêu BlueStone RCB-5949 1.5 Lít- Hàng chính hãng,1444000,2999000,52,4.7,195,564,Tiki Trading,Nồi Cơm Điện
1718,Nồi Cơm Điện Mini Mishio MK265 0.8 Lít - Hàng chính hãng,299000,299000,0,4.6,239,714,Mishio Kachi Official,Nồi Cơm Điện
1719,Nồi Cơm Điện Perfect PF-C101 (1.2 Lít) - Hàng chính hãng,300000,399000,25,4.3,11,132,Tiki Trading,Nồi Cơm Điện
1720,Nồi cơm điện tử 1.8L Sunhouse SHD8909 - Hàng Chính Hãng,844800,1453000,42,3.9,14,32,Tiki Trading,Nồi Cơm Điện
1728,"Nồi cơm điện tử Elmich 1,8L RCE-1790 - Hàng chính hãng",1460000,2295000,36,4.5,8,25,Tiki Trading,Nồi Cơm Điện
1731,Nồi cơm điện tử Panasonic SR-CL188WRA 1.8 lít - Hàng chính hãng,2149000,4000000,46,3.0,2,6,Điện Máy Gia Dụng Smilemart,Nồi Cơm Điện
1733,Nồi cơm điện XIAOMI C1 3L MDFBZ02ACM - Hàng nhập khẩu,825000,939000,12,5.0,1,4,The Gioi Dien May Shop,Nồi Cơm Điện
1736,"Nồi cơm điện tử SATO ST-18DT017 1.8L dùng cho 4 đến 6 người lớn, nồi cơm thông minh đa chức năng, nấu cơm, nấu cháo, hầm, làm bánh, nấu cơm khi điện yếu - Miễn phí vận chuyển toàn quốc - Hàng chính hãng",1880000,2030000,7,3.0,1,1,SATO OFFICIAL STORE,Nồi Cơm Điện
1740,Nồi cơm điện tử Bear 0.3 lít DFB-B12F1 - Hàng chính hãng,557100,577100,3,1.0,1,3,Đồ Sơ Sinh Mẹ và Bé Chip,Nồi Cơm Điện
1743,"Nồi Cơm Điện Tử BlueStone RCB-5938, 1.8Lit - 760W, Hàng Chính Hãng",1299000,1999000,35,5.0,2,9,TD Electrical Supermarket,Nồi Cơm Điện
1746,Nồi Cơm Điện Tử Sunhouse Mama SHD8903 (1.8 Lít) - Hàng chính hãng,1170000,2289000,49,4.8,32,194,Tiki Trading,Nồi Cơm Điện
1749,NỒI CƠM ĐIỆN TỬ SHARP KS-COM18 (1.8L) - HÀNG NHẬP KHẨU THÁI LAN,2030000,2030000,0,4.8,6,19,elecvina,Nồi Cơm Điện
1750,Nồi Cơm Điện Tử Lock&Lock EJR351BRW (1.8 Lít) - Hàng chính hãng,1399000,2000000,30,4.7,3,4,Điện Máy Vymart,Nồi Cơm Điện
1753,Nồi Cơm Điện Tử Sharp KS-COM186EV-GL (1.8L) - Hàng chính hãng,1399000,2000000,30,1.0,1,7,Điện Máy Gia Dụng Smilemart,Nồi Cơm Điện
1760,Nồi Cơm Điện Tử Sunhouse Mama SHD8915 (1.5L) - Hàng Chính Hãng,1240000,2499000,50,4.3,12,64,Tiki Trading,Nồi Cơm Điện
1763,Nồi Cơm Điện Tử Tiger 4 Trong 1 JBX-B10W (1L) - Hàng Chính Hãng,2169000,3500000,38,5.0,5,18,Điện Máy Gia Dụng Smilemart,Nồi Cơm Điện
1775,Nồi cơm điện tử COMET CM8088 1.8L (860W) - Hàng chính hãng,999000,999000,0,4.0,1,6,Điện Gia Dụng SaiGon,Nồi Cơm Điện
1782,"Nồi cơm điện Sharp 1.8 lít KS-181TJV ""PB"" - Hàng chính hãng",490000,750000,35,5.0,1,6,Nguyễn Kim Official,Nồi Cơm Điện
1797,Nồi Cơm Điện Cao Tần Sunhouse Mama SHD8955 (1.5 Lít) - Hàng Chính Hãng,1950000,1950000,0,5.0,1,2,GREENBOX,Nồi Cơm Điện
1800,"Nồi Cơm Điện Tử Bluestone RCB-5946, 1.5Lit-860W, Hàng Chính Hãng",1149000,1999000,43,5.0,1,1,TD Electrical Supermarket,Nồi Cơm Điện
1801,"Nồi cơm điện tử Toshiba RC-10NMFVN(WT) - 1.0L - Xuất xứ Thái Lan - Lòng nồi dày 4mm, 2 lớp chống dính trong và ngoài - Chế độ nấu tự động đa dạng - Hàng chính hãng, bảo hành 12 tháng, chất lượng Nhật Bản",2169000,2590000,16,5.0,1,2,Gia Dụng Lạc Khải,Nồi Cơm Điện
1802,Nồi Cơm Điện Tử Sharp KS-COM08V-SL (0.72 Lít) – Hàng Chính Hãng,980000,1090000,10,5.0,2,4,Công ty Kỷ Nguyên,Nồi Cơm Điện
1806,Nồi Cơm Điện Tử Kangaroo KG596 (1.5 Lít) - Vàng đồng - Hàng chính hãng,1050000,2300000,54,4.5,26,121,Tiki Trading,Nồi Cơm Điện
1830,Nồi cơm điện tử Kangaroo 1.8 lít KG18DR7 - Hàng chính hãng,841500,1175000,28,5.0,1,4,Tiki Trading,Nồi Cơm Điện
1847,Nồi cơm điện tử cao tần (IH) Philips HD4539/62 (4 lít) - Hàng Chính Hãng,2090000,3299000,37,3.0,2,8,Tiki Trading,Nồi Cơm Điện
1857,Nồi Cơm Điện Tử Mini Philips HD3170/66 - 600W - 0.85 Lít - Hàng Chính Hãng,891000,1290000,31,4.7,3,29,Tiki Trading,Nồi Cơm Điện
1880,Nồi cơm điện Supor 1.5 lít CFXB40FC33VN-75 - Hàng chính hãng,590000,1180000,50,5.0,93,367,Nguyễn Kim Official,Nồi Cơm Điện
1886,Nồi cơm điện cao tần Xiaomi Mijia IH gen 2 4L rice cooker - Hàng Nhập Khẩu,2148000,2148000,0,5.0,1,2,The Gioi Dien May Shop,Nồi Cơm Điện
1888,"Nồi Cơm Điện Cao Tần Toshiba 1.8 lít RC-18IX1PV, 1300w Lòng Nồi Dầy Dặn, Hàng Chính Hãng",2170000,2499000,13,5.0,1,2,TD Electrical Supermarket,Nồi Cơm Điện
1891,Nồi Cơm Điện Tử Sharp KS-COM180EV-GY (1.8L) - Trắng - Hàng chính hãng,1490000,1490000,0,5.0,1,1,Minh Nguyen Easy Retail,Nồi Cơm Điện
1917,Nồi cơm điện Locknlock EJR346BLK (Giữ ấm 24h - 5 chế độ nấu - lòng nồi chống dính) 1.2 Lít - Black - Hàng chính hãng,1041600,1970000,47,4.6,175,929,Tiki Trading,Nồi Cơm Điện
1941,"Nồi Cơm Điện 1,8L LocknLock EJR156 - EJR351BRW - Hàng Chính Hãng Bảo Hành 2 Năm",1399000,2000000,30,4.7,6,16,Điện Máy Vymart,Nồi Cơm Điện
1945,NỒI CƠM ĐIỆN 3.2L - LÒNG 1KG CERAMIC - Ủ 3D - HASUKA HSK 863 - HÀNG CHÍNH HÃNG,1200000,1200000,0,4.0,1,4,Gia Dụng Vũ Gia,Nồi Cơm Điện
1952,"Nồi Cơm Điện Mini Đa Năng Bear DFB-B12F1, Giao Màu Ngẫu Nhiên - Hàng Chính Hãng",573000,650000,12,5.0,1,1,Đồ Sơ Sinh Mẹ và Bé Chip,Nồi Cơm Điện
1988,NỒI CƠM ĐIỆN 1.0L - LÒNG DÀY CERAMIC - Ủ 3D - TỰ CÂN BẰNG NƯỚC - HASUKA HSK801 - HÀNG CHÍNH HÃNG,850000,850000,0,5.0,2,5,Gia Dụng Vũ Gia,Nồi Cơm Điện
1992,"Nồi cơm điện Lebenlang LBL0589 dung tích 1200ml, công suất 500W, thiết kế đơn giản hiện đại - hàng chính hãng",649000,799000,19,5.0,1,1,Điện Máy Gia Dụng Smilemart,Nồi Cơm Điện
2000,Ấm Siêu Tốc Inox Sunhouse SHD1186 - 1.8L - Hàng chính hãng,243000,270000,10,4.8,134,674,Tiki Trading,Ấm Siêu Tốc
2001,Ấm Siêu Tốc Sunhouse SHD1306 (1.7 Lít) - Hàng Chính Hãng,359920,590000,39,4.8,53,748,Tiki Trading,Ấm Siêu Tốc
2004,Bình Ấm Siêu Tốc Điện Inox 2 Lớp Sunhouse SHD1382 - Màu Ngẫu Nhiên - Chính Hãng,550000,550000,0,5.0,1,3,GIA DỤNG VIỆT,Ấm Siêu Tốc
2008,Ấm siêu tốc nhựa SUNHOUSE SHD1300 - Hàng Chính Hãng,280000,280000,0,5.0,1,11,GIA DỤNG VIỆT,Ấm Siêu Tốc
2009,Ấm Siêu Tốc Thủy Tinh Sunhouse SHD1217- Hàng chính hãng,428000,428000,0,4.3,3,5,Gia Dụng Hùng Xuân,Ấm Siêu Tốc
2010,Ấm siêu tốc Klarstein 1.7l,1560000,1590000,2,3.0,2,6,Telovietnam,Ấm Siêu Tốc
2017,Ấm siêu tốc thủy tinh Sunhouse SHD1215 - Hàng Chính Hãng,322000,322000,0,5.0,1,1,GIA DỤNG VIỆT,Ấm Siêu Tốc
2021,Ấm Siêu Tốc Thủy Tinh Sunhouse SHD1330 (1.7 Lít) - Hàng Chính Hãng,484880,780000,38,4.7,21,82,Tiki Trading,Ấm Siêu Tốc
2022,Ấm siêu tốc Elmich KEE 8457 - Hàng Chính Hãng,640000,990000,35,4.3,6,43,Tiki Trading,Ấm Siêu Tốc
2023,Ấm siêu tốc Elmich KEE 8456 MG - Hàng chính hãng,901000,1500000,40,5.0,12,65,Tiki Trading,Ấm Siêu Tốc
2027,Ấm Siêu Tốc Thủy Tinh Sunhouse SHD1215B (Đen) - Hàng Chính Hãng,338000,338000,0,4.5,10,182,Gia Dụng Hùng Xuân,Ấm Siêu Tốc
2029,Ấm siêu tốc thủy tinh 1.8L Sunhouse SHD1215B - Hàng chính hãng,356000,356000,0,5.0,9,52,SMARTWATCH,Ấm Siêu Tốc
2033,Ấm Siêu Tốc Inox 2 Lớp 1.8L Sunhouse SHD1355 - Hàng Chính Hãng,270000,270000,0,5.0,7,27,GIA DỤNG VIỆT,Ấm Siêu Tốc
2041,Ấm siêu tốc GALI GL-0018I Chính Hãng,749000,749000,0,5.0,1,3,Đại Phát Điện Gia Dụng,Ấm Siêu Tốc
2061, Ấm siêu tốc Braun WK1500BK-Hàng chính hãng,1399000,1485000,6,5.0,1,1,Home1,Ấm Siêu Tốc
2085,Ấm siêu tốc Arber AST1.5B Hàng Chính Hãng,1035000,1050000,1,5.0,1,1,Telovietnam,Ấm Siêu Tốc
2088,Ấm siêu tốc cao cấp GL-0017G - Hàng chính hãng,989000,989000,0,5.0,1,3,Đại Phát Điện Gia Dụng,Ấm Siêu Tốc
2092,Ấm siêu tốc thủy tinh Rapido RK1818 - Hàng chính hãng,349000,349000,0,5.0,1,1,Điện Máy Phú Sĩ,Ấm Siêu Tốc
2101,Bình Siêu Tốc Cloer 4511 (1.0 Lít) - Hàng Chính Hãng,1590000,1590000,0,5.0,1,8,Gia dụng nhập khẩu Châu Âu,Ấm Siêu Tốc
2109,Ấm siêu tốc inox 3 lớp Mitomo ST-631 (1.7L),799000,799000,0,5.0,5,8,Mitomo Việt Nam,Ấm Siêu Tốc
2120,"Ấm Đun Siêu Tốc Lock&Lock 2 Lớp Ruột Bình Bằng Thép Không Gỉ EJK738 (1.7L) - Hàng Chính Hãng, Bảo Hành 12 Tháng- Tặng Kèm Cọ Rửa Và Ống Hút",482400,877000,45,4.8,128,403,JoyMall LocknLock Chính Hãng,Ấm Siêu Tốc
2121,Ấm siêu tốc Daewoo DEK-MF170 (2L) - Hàng chính hãng,391020,759000,48,4.0,4,6,DAEWOO Official Store,Ấm Siêu Tốc
2127,ẤM SIÊU TỐC Steba WK10 NHẬP KHẨU ĐỨC-HÀNG CHÍNH HÃNG,1660000,1690000,2,5.0,1,1,Telovietnam,Ấm Siêu Tốc
2132,Ấm Siêu Tốc Điện Cỡ Lớn NK Media (5 lít) - Hàng Chính Hãng,250000,250000,0,4.2,39,389,GIA DỤNG VIỆT,Ấm Siêu Tốc
2133,Ấm siêu tốc Daewoo DEK-MF180 (2.0L) - Hàng chính hãng,359720,759000,53,4.5,12,47,Tiki Trading,Ấm Siêu Tốc
2134,Ấm Siêu Tốc Trường Thọ BA 2088 - Vàng (5L)- Hãng chính hãng,418950,418950,0,4.2,6,59,Đại Phát Tài,Ấm Siêu Tốc
2135,Ấm Siêu Tốc Trường Thọ BA 2088 - Xanh (5L)- Hãng chính hãng,387449,387449,0,5.0,1,10,gia dụng mai trang,Ấm Siêu Tốc
2136,Ấm Siêu Tốc Panafresh SK178 (1.8L) - Trắng- Hãng chính hãng,425250,425250,0,4.0,6,56,Đại Phát Tài,Ấm Siêu Tốc
2142,"ẤM SIÊU TỐC KLARSTEIN AQUAVITA CHALET 1,7L 10021360 - Hàng Chính Hãng",1560000,1590000,2,5.0,1,1,Telovietnam,Ấm Siêu Tốc
2151,Ấm Siêu Tốc Đun Nước ELMICH 1.7L Bình Đun Nước Siêu Tốc Hiển Thị Nhiệt Độ EL3856G Hàng Chính Hãng,1690000,1690000,0,4.5,2,11,Elmich Outlet,Ấm Siêu Tốc
2159,"Ấm siêu tốc thuỷ tinh 1,8lit Lebenlang LBE2819 (hàng chính hãng)",380000,400000,5,4.8,225,1018,LEbenlang,Ấm Siêu Tốc
2168,Ấm Đun Nước Siêu Tốc 1.8L Tiện Dụng - Bình INOXInnox + nhựa - Hàng Chính Hãng,199000,199000,0,5.0,1,1,Siêu Thị NaNo,Ấm Siêu Tốc
2170,"Bình ấm siêu tốc 1.8L, 2000W Thủy tinh Korichi KRC5183 - Hàng chính hãng - Mãu ngẫu nhiên",860000,860000,0,4.6,11,20,Gia Dụng Vũ Gia,Ấm Siêu Tốc
2173,"Ấm Siêu Tốc Thuỷ Tinh Cao Cấp Mini Lebenlang 500ml LBL2809 Siêu Đẹp, Đun Siêu Nhanh - Hàng Chính Hãng",369000,550000,33,5.0,1,13,Điện Máy Vymart,Ấm Siêu Tốc
2174,Ấm Siêu Tốc Du Lịch Tiross TS1360 (0.5 Lít) - Xanh - Hàng chính hãng,370000,390000,5,4.6,75,610,Tiki Trading,Ấm Siêu Tốc
2175,Ấm siêu tốc có lọc trà 1.2lít DZE168 Dozzi (Hàng chính hãng),319000,500000,36,5.0,1,7,Điện Máy Vymart,Ấm Siêu Tốc
2176,Ấm Siêu Tốc Du Lịch Tiross TS1360 0.5L- Tím - Hàng chính hãng,370000,390000,5,4.3,20,337,Tiki Trading,Ấm Siêu Tốc
2182,Ấm siêu tốc thủy tinh Nagakawa NAG0318 (1.7 Lít - 1355W) - Hàng chính hãng,365500,490000,25,4.3,10,43,Tiki Trading,Ấm Siêu Tốc
2186,Ấm siêu tốc thủy tinh LEBENLANG LBWE2626 bằng thủy tinh chịu nhiệt - hàng chính hãng,379000,589000,36,5.0,15,192,LEbenlang,Ấm Siêu Tốc
2194,Ấm siêu tốc thủy tinh đa năng Nagakawa NAG0316 (1.8 Lít) - Hàng chính hãng,524000,569000,8,5.0,2,10,NagakawaGroup,Ấm Siêu Tốc
2196,Ấm Siêu Tốc Inox 2 Lớp DAMAS DK-6018B (1.8L) - Hàng Chính Hãng,409000,800000,49,4.8,107,1014,DAMAS Official Store,Ấm Siêu Tốc
2198,Ấm Siêu Tốc Đun Từ Inox 304 Smartcook  EL3328 2.5L Hàng Chính Hãng,450000,450000,0,5.0,1,2,Elmich Outlet,Ấm Siêu Tốc
2201,Ấm Siêu Tốc Trường Thọ K'sun BA-2088 Diamond (5.0L) - Hàng Chính Hãng,418950,418950,0,4.3,7,28,Đại Phát Tài,Ấm Siêu Tốc
2203,"Ấm Siêu Tốc 1.7L SMARTCHOICE SCG-K001, Ấm Đun Siêu Tốc Chịu Lực, Chịu Nhiệt Tốt, Inox 304 An Toàn Cho Sức Khỏe - Hàng Chính Hãng",770000,870000,11,5.0,8,14,SMARTCHOICE GIA DỤNG VIỆT,Ấm Siêu Tốc
2208,Ấm Siêu Tốc Điện Dung Tích Lớn NK Media MD-SD506 (5 lít) - Hàng Chính Hãng,250000,250000,0,3.8,5,67,GIA DỤNG VIỆT,Ấm Siêu Tốc
2214,"Bình Ấm Điện Siêu Tốc Aidi ST-06 (1,2 lít) - Màu Ngẫu Nhiên - Hàng Chính Hãng",189000,189000,0,4.3,11,69,GIA DỤNG VIỆT,Ấm Siêu Tốc
2215,Ấm Siêu Tốc Điện Kiêm Bình Ủ Giữ Nhiệt Trong 24H GUGKDD GD-ST30 (3 lít) - Màu Ngẫu Nhiên - Hàng Chính Hãng,196000,196000,0,3.7,3,19,GIA DỤNG VIỆT,Ấm Siêu Tốc
2217,Ấm siêu tốc 2 lớp inox 304 Nagakawa NAG0319 (1.8L - 1800W) - Hàng chính hãng,501500,590000,15,4.5,13,40,Tiki Trading,Ấm Siêu Tốc
2218,"Ấm siêu tốc 2 lớp inox 304 Nagakawa NAG0321 (1,8L - 1800W) - Hàng chính hãng",319000,495000,36,5.0,2,23,NagakawaGroup,Ấm Siêu Tốc
2228,"Ấm siêu tốc inox Fujika dung tích 4Lit/5Lit, công suất 1500W-Hàng chính hãng",235000,235000,0,4.5,49,161,GIA DỤNG VIỆT,Ấm Siêu Tốc
2232,"Bình Ấm Điện Siêu Tốc Nhựa AIDI ST-AD01 (1,8 lít) - Màu Ngẫu Nhiên - Hàng Chính Hãng",200000,200000,0,1.0,1,5,GIA DỤNG VIỆT,Ấm Siêu Tốc
2233,"Ấm siêu tốc thủy tinh chịu nhiệt cao cấp 1,7 lít Sokany 322- 1850W  -  Hàng chính hãng",389000,389000,0,5.0,2,13,UniqueVN,Ấm Siêu Tốc
2234,Ấm siêu tốc GL-0017M 1800-2200W 1.7L- Hàng chính hãng( giao mẫu ngẫu nhiên),369000,369000,0,4.5,2,2,Đại Phát Điện Gia Dụng,Ấm Siêu Tốc
2236,"Ấm đun siêu tốc 2 lớp cách nhiệt Lock&Lock EJK631BLK (1.7L) Màu đen - Hàng chính hãng, thân bình bằng thép không gỉ, tay cầm làm bằng nhựa PP, tự động ngắt điện khi sôi",729000,1250000,42,4.8,4,22,Điện Máy Vymart,Ấm Siêu Tốc
2238,"Ấm siêu tốc KONKA KEK-KM18 (1,8l) đun nước nhanh tự ngắt khi sôi - Hàng nhập khẩu",349000,599000,42,5.0,15,39,Konkashop,Ấm Siêu Tốc
2246,Ấm Siêu Tốc Thuỷ Tinh Lebenlang 1.8L LBWE2626 - LBLB2828 Kèm Lõi Lọc Inox - Hàng Chính Hãng,349000,600000,42,4.5,14,152,Điện Máy Vymart,Ấm Siêu Tốc
2249,"Ấm siêu tốc LEBENLANG 1.8 lít bằng inox 304 có LED hiện nhiệt độ, LBE2662 - hàng chính hãng",579000,929000,38,4.8,18,46,LEbenlang,Ấm Siêu Tốc
2251,"Ấm Siêu Tốc thủy tinh cường lực cao cấp Masuto MS-Citizen18 dung tích 1,8L-HÀNG CHÍNH HÃNG",427000,427000,0,4.3,4,6,SMARTWATCH,Ấm Siêu Tốc
2261,"Ấm Siêu Tốc Thủy Tinh Cao Cấp Có Lọc Trà 1.7l DOZZI DZE199 - Thương Hiệu Úc, Hàng Chính Hãng",349000,600000,42,5.0,2,19,Điện Máy Vymart,Ấm Siêu Tốc
2278,"Ấm điện đa năng 1.8L Rapido RMK0818-S , bình siêu tốc thủy tinh chịu nhiệt, BH12 tháng - Hàng chính hãng",416000,416000,0,4.0,1,3,Cửa Hàng Viethome,Ấm Siêu Tốc
2281,Ấm Siêu Tốc Phong Cách Cổ Điển Bear ZDH-Q15U8 Dung Tích 1.5L Công Suất 1500 W - Hàng Nhập Khẩu - 1.5 Lít,840000,1699000,51,5.0,1,6,HOMES STORE,Ấm Siêu Tốc
2285,"Bình Ấm đun Siêu tốc Inox304 Dung tích lớn 2.2L  Tự ngắt, Chống cạn. Hasuka HSK277 2200W - Hàng chính hãng",650000,650000,0,5.0,1,3,Gia Dụng Vũ Gia,Ấm Siêu Tốc
2293,"Ấm siêu tốc mini Bennix BN-008EK 2 lớp cao cấp 0.8L, sôi nhanh, an toàn, bảo hành 24 tháng Hàng chính hãng",299000,299000,0,4.0,1,4,Tổng kho gia dụng 82,Ấm Siêu Tốc
2294,"Ấm siêu tốc mini Lebenlang LBL2839, công suất 1630W, dung tích 1L, thiết kế nhỏ gọn, bảo hành 2 năm - hàng chính hãng",349000,529000,34,5.0,1,8,LEbenlang,Ấm Siêu Tốc
2295,"Ấm Siêu Tốc 1,7L Bear Công Suất Lớn, Bình Đun Nước Nóng Nhanh Pha Trà, Bền Bỉ ZDH-Q17B1 - Hàng Chính Hãng",539000,650000,17,2.0,1,9,Tiki Trading,Ấm Siêu Tốc
2296,Ấm Siêu Tốc Thủy Tinh 1.8L Matika MTK-35 Công Suất 1800W Thiết Kế Hiện Đại Trong Suốt Đun Nước Siêu Nhanh Có Đèn Led Khi Sôi-Hàng Chính Hãng,345000,345000,0,4.0,1,7,Gia Dụng NuHa,Ấm Siêu Tốc
2297,"Ấm Siêu Tốc Inox 5L Fujika FJ-SD50 Công Suất 1500W Tiết Kiệm Điện Cho Quán,Nhà Hàng,Nhà Đông Người-Hàng Chính Hãng",250000,250000,0,4.3,121,361,GIA DỤNG VIỆT,Ấm Siêu Tốc
2299,"Bình Ấm Đun Siêu Tốc 2 lớp 2.0 Lít, 1500W, Không mùi, Chống nóng, Tự ngắt, Rơ le Chống cạn - Lorente LT3099 - Hàng Chính Hãng",405000,405000,0,5.0,2,5,Gia Dụng Vũ Gia,Ấm Siêu Tốc
2301,"Ấm Siêu Tốc Inox 4L Fujika FJ-SD35 Phun Sơn Tĩnh Điện Công Suất 1500W Tiết Kiệm Điện Cho Quán,Nhà Hàng-Hàng Chính Hãng",280000,280000,0,2.0,4,13,GIA DỤNG VIỆT,Ấm Siêu Tốc
2304,"Ấm đun siêu tốc 2 lớp cách nhiệt Grelide D2017k ( 1.7L) hàng chính hãng- thân bình bằng thép không gỉ, lòng ruột đúc inox nguyên khối. ",629000,989000,36,5.0,4,7,MITOMO ELECTRONIC,Ấm Siêu Tốc
2305,"Ấm siêu tốc mini Lebenlang LBL2319, công suất 600W, sôi nhanh trong 4 phút, nhỏ gọn, dễ mang đi du lịch, bảo hành 2 năm - hàng chính hãng",279000,429000,35,4.7,22,77,LEbenlang,Ấm Siêu Tốc
2306,"Ấm siêu tốc mini Lebenlang LBL2809, bình đun công suất 1100W, dung tích 500ml, sôi nhanh, nhỏ gọn, tiện lợi, bảo hành 2 năm - hàng chính hãng",519000,799000,35,5.0,1,1,LEbenlang,Ấm Siêu Tốc
2308,"Ấm siêu tốc mini Lebenlang LBL2839, công suất 1630W, dung tích 1L, inox 304, thiết kế nhỏ gọn tiện lợi, bảo hành 2 năm - hàng chính hãng",349000,529000,34,5.0,1,4,LEbenlang,Ấm Siêu Tốc
2309,"Ấm siêu tốc Fujika dung tích 4L đến 5L thân ấm inox phun sơn tĩnh điện chịu nhiệt, công suất 1500W, Màu ngẫu nhiên-hàng chính hãng",280000,280000,0,2.5,2,6,GIA DỤNG VIỆT,Ấm Siêu Tốc
2312,"Bình Điện Thông Minh Bear Đun Nước Nóng Siêu Tốc, Tự Động Giữ Ấm 55 Độ, Khử Clo An Toàn Cho Sức Khoẻ - KE-B30V1 Hàng chính hãng",1490000,1490000,0,5.0,1,7,Gia dụng Levimart,Ấm Siêu Tốc
2319,Ấm siêu tốc tự ngắt TEKKIN TI-2845 dung tích lớn 2.3L (dung tích sử dụng 1.8L) 2 lớp công suất 1500W bảo hành 12 tháng - hàng chính hãng,209000,209000,0,5.0,2,2,TEKKIN OFFICIAL STORE,Ấm Siêu Tốc
2326,"Ấm siêu tốc, bình đun siêu tốc Sunhouse inox 2 lớp, dung tích 1,8 lit, SHD1351 -Hàng Chính Hãng",285000,285000,0,1.0,1,426,GIA DỤNG VIỆT,Ấm Siêu Tốc
2328,Bình Đun Siêu Tốc Philips HD9316 - Hàng Nhập Khẩu,752000,752000,0,3.8,4,45,dienmaycuongviet,Ấm Siêu Tốc
2330,Ấm Đun Siêu Tốc LocknLock EJK418SLV - Hàng Chính Hãng,448000,800000,44,4.8,101,529,Điện Máy Vymart,Ấm Siêu Tốc
2334,Ấm đun siêu tốc Sunhouse 1.7L SHD1217 - Hàng chính hãng,299000,598000,50,5.0,1,4,Nguyễn Kim Official,Ấm Siêu Tốc
2336,Bình đun nước siêu tốc  Philips HD9306/03 - Hàng chính hãng,550000,1000000,45,5.0,2,3,Nguyễn Kim Official,Ấm Siêu Tốc
2337,Bình đun nước siêu tốc  Philips HD9303/03 - Hàng chính hãng,607000,607000,0,5.0,1,1,GIA DỤNG VIỆT,Ấm Siêu Tốc
2338,Bình đun siêu tốc Sunhouse 1.8 lít SHD1351 - Hàng chính hãng,285000,285000,0,1.0,1,18,GIA DỤNG VIỆT,Ấm Siêu Tốc
2344,Bình Đun Siêu Tốc Philips HD9316 (1.7L) - Hàng chính hãng,991000,1249000,21,4.6,125,773,Tiki Trading,Ấm Siêu Tốc
2345,Bình Đun Siêu Tốc Philips HD9303 (1.2 Lít) - Hàng chính hãng,480000,630000,24,4.6,228,3022,Tiki Trading,Ấm Siêu Tốc
2348,Bình Đun Siêu Tốc Philips HD9306 (1.5L) - Hàng chính hãng,551000,749000,26,4.5,142,1227,Tiki Trading,Ấm Siêu Tốc
2354,Bình Đun Siêu Tốc Lock&Lock EJK631 (1.7L) - Hàng chính hãng,790000,1200000,34,3.5,2,13,Điện Máy Vymart,Ấm Siêu Tốc
2359,Bình đun siêu tốc Philips 1.2 lít HD9303/03 - Hàng chính hãng,589000,630000,7,5.0,4,13,Long Hưng Official Store,Ấm Siêu Tốc
2360,Bình đun siêu tốc Philips 1.7 lít HD9316/03 - Hàng chính hãng,1239000,1249000,1,5.0,1,5,Long Hưng Official Store,Ấm Siêu Tốc
2362,Bình đun siêu tốc Philips 1.5 lít HD9306/03 - Hàng chính hãng,739000,749000,1,4.0,1,1,Long Hưng Official Store,Ấm Siêu Tốc
2365,Bình Đun Siêu Tốc Philips HD9350/90 (1.7L) - Hàng Nhập Khẩu,729000,729000,0,4.8,86,287,dienmaycuongviet,Ấm Siêu Tốc
2368,Bình Đun Siêu Tốc Philips HD9350/90 (1.7L) - Hàng chính hãng ,730000,939000,22,4.3,3,39,Tiki Trading,Ấm Siêu Tốc
2371,Bình Đun Siêu Tốc 2 Lớp Sunhouse SHD1382B (1.7L) - Hàng chính hãng,550000,550000,0,5.0,1,4,GIA DỤNG VIỆT,Ấm Siêu Tốc
2372,Ấm Đun Siêu Tốc Inox 2 Lớp Sunhouse SHD1353 (1.8 Lít) - Hàng Chính Hãng,262800,461000,43,4.7,375,1575,Tiki Trading,Ấm Siêu Tốc
2374,Ấm Đun Siêu Tốc Inox 2 Lớp Sunhouse SHD1351 (1.8 Lít) - Hàng Chính Hãng,225000,422000,47,4.7,2371,10217,Tiki Trading,Ấm Siêu Tốc
2375,Bình Đun Siêu Tốc 2 Lớp Lock&amp;Lock EJK738BLK (1.7L),379000,797000,52,4.7,2115,9308,Tiki Trading,Ấm Siêu Tốc
2378,Bình Đun Siêu Tốc 2 lớp Lock&Lock EJK738WHT (1.7 Lít) - Trắng - Hàng chính hãng,379000,797000,52,4.6,2522,15017,Tiki Trading,Ấm Siêu Tốc
2381,Ấm Đun Siêu Tốc SUNHOUSE 2 Lớp Dung Tích 1.8L SHD1353 - Hàng chính hãng,278000,278000,0,4.6,10,35,SMARTWATCH,Ấm Siêu Tốc
2382,Ấm Điện Thủy Tinh Siêu Tốc Có Điều Chỉnh Nhiệt Độ Lock&Lock EJK341 (1.8L) - Hàng chính hãng,538470,1145000,53,4.7,2634,14880,Tiki Trading,Ấm Siêu Tốc
2384,Ấm Đun Siêu Tốc SUNHOUSE 2 Lớp Dung Tích 1.8L SHD1351 - Hàng chính hãng,229000,229000,0,4.0,1,8,Gia Dụng Hùng Xuân,Ấm Siêu Tốc
2386,"Ấm Điện Thủy Tinh Siêu Tốc Lock&Lock EJK341 (1.8L) - Hàng Chính Hãng, Đèn Đổi Màu Theo Nhiệt Độ, Điều Chỉnh Nhiệt Độ Sôi, Tặng Kèm Ống Hút Và Cọ Rửa",704000,1280000,45,4.8,63,247,JoyMall LocknLock Chính Hãng,Ấm Siêu Tốc
2391,Bình đun siêu tốc Khaluck KL-207 - Hàng chính hãng,349000,349000,0,5.0,1,1,Đại Phát Điện Gia Dụng,Ấm Siêu Tốc
2396,Bình đun siêu tốc inox CM8217 - Hàng Chính Hãng,189000,189000,0,5.0,1,1,Điện Gia Dụng SaiGon,Ấm Siêu Tốc
2402,"Ấm đun nước siêu tốc Elmich 1,8L KEE 1778",1020000,1590000,36,4.0,3,17,Tiki Trading,Ấm Siêu Tốc
2447,Bình đun siêu tốc Daewoo 2 lít DEK-MF180 - Hàng chính hãng,390000,759000,49,5.0,1,3,Nguyễn Kim Official,Ấm Siêu Tốc
2452,Ấm đun siêu tốc Smartcook 1.5L KES-3857 - Hàng chính hãng,464000,690000,33,5.0,2,6,Tiki Trading,Ấm Siêu Tốc
2461,Bình Đun Siêu Tốc Tiger PCD-A10W (1 lít) - Màu Đồng,1649000,2450000,33,4.7,3,15,Điện Máy Gia Dụng Smilemart,Ấm Siêu Tốc
2462,"ẤM  ĐUN NƯỚC SIÊU TỐC THỦY TINH KALPEN KK66, HÀNG CHÍNH HÃNG",430000,430000,0,5.0,1,5,Alô Bếp,Ấm Siêu Tốc
2469,Ấm đun nước siêu tốc Elmich 1L KEE 1775- Hàng chính hãng,1087000,1087000,0,3.0,1,1,Alô Bếp,Ấm Siêu Tốc
2470,Bình Đun Siêu Tốc Kangaroo KG642 (1.7L) - Hàng chính hãng,449000,595000,25,4.5,17,75,Tiki Trading,Ấm Siêu Tốc
2472,"Ấm đun siêu tốc Panafresh SK-178 1,7 lít - Hàng nhập khẩu",408000,408000,0,4.8,6,16,Đại Phát Điện Gia Dụng,Ấm Siêu Tốc
2473,Ấm Đun Nước Siêu Tốc Tiross TS1367 (1L) - Hàng chính hãng,551000,790000,30,5.0,3,38,Tiki Trading,Ấm Siêu Tốc
2475,Bình đun siêu tốc Toshiba KT-15DS1PV - Hàng Chính Hãng,782000,870000,10,5.0,2,15,AM MART,Ấm Siêu Tốc
2488,Bình Đun Siêu Tốc Tiger PFY-A10W (1 lít) - Màu Hồng,2090000,2090000,0,4.0,1,1,Bepnhatoi,Ấm Siêu Tốc
2489,Ấm pha trà siêu tốc Bear SB-PT15K - Hàng Chính Hãng,829000,829000,0,5.0,1,1,Điện Máy Sao Kim,Ấm Siêu Tốc
2500,Nồi inox liền khối Elmich Hera,393000,990000,60,5.0,39,115,Tiki Trading,Nồi
2501,Nồi inox liền khối Elmich Hera,605000,605000,0,5.0,1,6,Alô Bếp,Nồi
2503,Nồi Luộc Gà Inox 430 3 Đáy Nắp Inox Fivestar - Bạc,780000,780000,0,5.0,10,89,SHOP BẾP XINH,Nồi
2504,Nồi 5 đáy Inox 304 Elmich Berlin,409000,749250,45,5.0,19,107,Tiki Trading,Nồi
2506,"Nồi Luộc Gà Inox 3 Đáy Inox Fivestar  , tặng 1 vá canh",549000,549000,0,4.3,17,165,SHOP BẾP XINH,Nồi
2507,NồI Inox 3 Đáy Sunhouse SH22120,215000,270000,20,5.0,3,6,Bep Gia Hung,Nồi
2508,Nồi Inox liền khối Elmich Milano,438000,1090000,60,5.0,2,6,Tiki Trading,Nồi
2511,Nồi Luộc Gà Inox 3 Đáy Fivestar Nắp Inox - Bạc (Không Tặng Muỗng),780000,780000,0,4.3,3,30,SHOP BẾP XINH,Nồi
2512,Bộ Nồi Inox 3 Đáy Sunhouse SH334,502480,690000,27,4.5,109,3680,Tiki Trading,Nồi
2513,Bộ Nồi Inox 1 Đáy Sunhouse SH224,325000,325000,0,4.5,9,165,GIA DỤNG VIỆT,Nồi
2514,Bộ nồi quánh inox Fivestar 3 đáy từ nắp inox 3 món,1260000,1260000,0,4.1,7,20,FIVESTAR OFFICIAL STORE,Nồi
2516,Bộ Nồi Inox 3 Đáy Sunhouse SH 334,577000,577000,0,5.0,1,70,GIA DỤNG VIỆT,Nồi
2518,Bộ Nồi Inox 3 Đáy Nắp Inox Fivestar Tặng 2 Muỗng Canh,1190000,1190000,0,4.0,2,7,FIVESTAR OFFICIAL STORE,Nồi
2519,Nồi Luộc Gà Fivestar Nắp Inox + Tặng 5 Muỗng Ăn Inox - Bạc,810000,810000,0,5.0,6,28,FIVESTAR OFFICIAL STORE,Nồi
2522,Nồi Inox 3 Lớp Đáy Liền Elmich Trimax Classic 2407OL,437000,870000,50,4.8,179,615,Tiki Trading,Nồi
2523,"Nồi inox 3 đáy inox 430 FiveStar Standard nắp inox  ( 32cm ) , tặng 1 vá canh",1440000,1440000,0,4.2,5,11,FIVESTAR OFFICIAL STORE,Nồi
2526,Bộ Nồi Inox 430 Bếp Từ Fivestar 3 Chiếc Nắp Inox Tặng 5 Muỗng Ăn Inox,1190000,1190000,0,4.0,1,2,FIVESTAR OFFICIAL STORE,Nồi
2530,NỒI HẤP INOX 304 ELMICH 22CM EL3360,1945000,2000000,3,5.0,1,1,Săn Hàng Rẻ,Nồi
2534,Nồi Inox liền khối Elmich Trimax Eco EL-3994 Size,764150,1139000,33,4.7,14,51,Tiki Trading,Nồi
2537,Bộ nồi chảo inox 5 đáy SUNHOUSE SHG995,1250000,1250000,0,5.0,1,2,GIA DỤNG VIỆT,Nồi
2538,Bộ nồi inox bếp từ Fivestar 3 lớp đáy liền inox 304 nắp inox - tặng 1 vá canh,1799000,1799000,0,4.0,1,2,SHOP BẾP XINH,Nồi
2539,Bộ nồi chảo inox 5 đáy Sunhouse SHG995,1220000,1940000,37,4.8,12,59,Tiki Trading,Nồi
2540,Nồi inox 304 5 đáy SUNHOUSE SHG2526MSA,520000,670000,22,5.0,2,3,Bep Gia Hung,Nồi
2542,Bộ Nồi Xửng Hấp Inox 304 Fivestar,1170000,1170000,0,5.0,4,6,FIVESTAR OFFICIAL STORE,Nồi
2544,Bộ nồi 3 chiếc Inox 3 đáy Sunhouse SH334,480000,480000,0,5.0,1,10,GIA DỤNG VIỆT,Nồi
2547,"Bộ nồi quánh 3 đáy inox 430 Fivestar Standard bếp từ nắp inox (1 quánh 16cm x 1 nồi 18cm x 1 nồi 20cm ) , tặng 5 muỗng",799000,799000,0,4.0,4,5,FIVESTAR OFFICIAL STORE,Nồi
2550,Nồi Luộc Gà Inox 3 Đáy Sunhouse SH28LG,407440,660000,38,4.5,18,179,Tiki Trading,Nồi
2555,Bộ Nồi Xửng Hấp Fivestar Nắp Kính,900000,900000,0,4.3,12,80,FIVESTAR OFFICIAL STORE,Nồi
2559,Bộ nồi inox FIVESTAR 5 chiếc 3 đáy bếp từ nắp inox ( tặng 2 vá canh ),1660000,1660000,0,5.0,1,2,SHOP BẾP XINH,Nồi
2563,Nồi inox liền khối Elmich Hera EL-8180 size 16cm,605000,605000,0,5.0,1,1,Alô Bếp,Nồi
2571,Nồi Hấp 2 Tầng Bằng Inox Lock&Lock LLH1282 (28cm),853740,1512000,44,4.7,302,1283,Tiki Trading,Nồi
2573,"Bộ nồi Inox Smartcook SM 2504MB size 16,20,24cm",588000,1196250,51,4.0,4,70,Tiki Trading,Nồi
2575,Nồi lẻ inox 5 đáy Sunhouse Mama SHG25216 20 24 MSD,270000,380000,29,4.6,13,57,Bep Gia Hung,Nồi
2576,"Bộ 4 nồi inox Fivestar 3 đáy bếp từ , inox 430 , nắp kính ( tặng 1 vá canh )",1620000,1620000,0,5.0,1,6,SHOP BẾP XINH,Nồi
2578,"Bộ Nồi Inox 3 Đáy SUNHOUSE SH335 16, 20, 24 cm",480000,480000,0,3.0,1,28,GIA DỤNG VIỆT,Nồi
2579,"Bộ Nồi Inox 430 cao cấp 1 Đáy Fivestar 3 Chiếc Nắp Inox , dùng được mọi bếp , tặng 1 rổ inox 22cm",449000,449000,0,5.0,1,2,FIVESTAR OFFICIAL STORE,Nồi
2581,Nồi áp suất Inox 304 Elmich 20cm 4.0L EL3369 tặng kèm giá hấp Inox,1160000,1160000,0,5.0,1,6,Alô Bếp,Nồi
2583,Nồi luộc gà Fivestar 28cm nắp inox tặng 5 muỗng ăn,900000,900000,0,5.0,1,3,FIVESTAR OFFICIAL STORE,Nồi
2585,Nồi Inox cao cấp 3 lớp đáy liền Tri-Max (28cm),999000,999000,0,5.0,1,11,Alô Bếp,Nồi
2586,Nồi Inox 304 liền khối Elmich Trimax XR vung kính đáy từ,380000,380000,0,5.0,1,3,Alô Bếp,Nồi
2587,Bộ Nồi Inox 3 Đáy Sunhouse SH335 (16-20-24cm),480000,480000,0,4.0,6,37,GIA DỤNG VIỆT,Nồi
2588,Nồi inox liền khối Elmich Trimax ECO EL-3994 size 22cm,590000,590000,0,5.0,7,34,Alô Bếp,Nồi
2589,Nồi inox liền khối Elmich Trimax ECO EL-3991 size 16cm,550000,550000,0,5.0,1,1,Alô Bếp,Nồi
2597,Bộ Nồi Inox 3 Đáy Gồm 3 Nồi 1 Chảo 1 Xửng Fivestar FS08CG1 - Hàng Chính Hãng,1770000,1770000,0,5.0,4,15,FIVESTAR OFFICIAL STORE,Nồi
2600,"Bộ nồi inox Fivestar 3 chiếc inox 430 nắp inox , 3 đáy dùng được bếp từ , hồng ngoại , gas - tặng 1 vá canh",1140000,1140000,0,4.7,3,11,SHOP BẾP XINH,Nồi
2608,Nồi Inox 3 Lớp Cao Cấp Đáy Liền Elmich Tri-Max XS EL - 3746 - Size,724200,1079000,33,4.7,27,81,Tiki Trading,Nồi
2609,NỒI INOX 3 LỚP CAO CẤP ĐÁY LIỀN TRI-MAX XS 20cm,850000,850000,0,5.0,3,8,Alô Bếp,Nồi
2611,BỘ NỒI XỬNG INOX 5 ĐÁY SUNHOUSE SHG507-24 - Hàng chính hãng,780000,780000,0,1.0,1,7,Bep Gia Hung,Nồi
2612,NỒI INOX 3 LỚP CAO CẤP ĐÁY LIỀN TRI-MAX XS 28cm,1290000,1290000,0,5.0,2,6,Alô Bếp,Nồi
2613,NỒI INOX 3 LỚP CAO CẤP ĐÁY LIỀN TRI-MAX XS 18cm,770000,770000,0,5.0,4,8,Alô Bếp,Nồi
2614,Bộ nồi Fivestar FS-B3021 Standard 3 đáy bếp từ 3 món nắp inox (1 quánh 16 x 1 nồi 18cm x 1 nồi 20cm ),699000,699000,0,4.5,2,14,SHOP BẾP XINH,Nồi
2616,NỒI INOX 3 LỚP CAO CẤP ĐÁY LIỀN TRI-MAX XS 26cm,1090000,1090000,0,5.0,1,3,Alô Bếp,Nồi
2621,Bộ Nồi Inox 5 Đáy SUNHOUSE MAMA Đáy Từ SH784 - Hàng chính hãng,980000,980000,0,5.0,1,3,GIA DỤNG VIỆT,Nồi
2622,"Bộ nồi xửng hấp inox FiveStar Standard 304 nắp inox , 3 đáy bếp từ tặng 2 vá canh ( 20cm )",1140000,1140000,0,4.5,7,35,FIVESTAR OFFICIAL STORE,Nồi
2629,Bộ nồi inox 5 đáy Sunhouse Mama SH784 (Tặng kèm móc khóa BG),980000,980000,0,4.0,1,1,GIA DỤNG VIỆT,Nồi
2631,"Bộ nồi inox liền khối Elmich Trimax ECO EL-8006 size 16, 20cm",1050000,1050000,0,5.0,2,3,Alô Bếp,Nồi
2633,Bộ Nồi Inox 5 Đáy Sunhouse Mama SHG2503MSD (16 - 20 - 24 cm),814880,1310000,38,5.0,8,38,Tiki Trading,Nồi
2634,"Bộ nồi inox liền khối Elmich Trimax ECO EL-8006 size 16, 20cm",1050000,1050000,0,5.0,1,1,Alô Bếp,Nồi
2635,"Bộ nồi Inox liền khối Elmich Milano EL-8090 size 16, 20, 22cm",1587000,3950000,60,5.0,2,6,Tiki Trading,Nồi
2637,"Bộ nồi 5 đáy Inox 304 Elmich Berlin EL 3981 Size 18, 20cm",680000,1890000,64,5.0,4,29,Tiki Trading,Nồi
2639,"Bộ nồi 5 đáy Inox 304 Elmich Celestin EL 3979 Size 18, 20cm",855950,1245000,31,4.8,4,17,Tiki Trading,Nồi
2640,Bộ nồi inox 304 đa lớp 18 – 22 – 26 cm Sunhouse Mama SHG2020,2327500,2327500,0,5.0,1,5,Bep Gia Hung,Nồi
2643,Bộ nồi chảo inox 5 đáy 5 món vung kính Sunhouse SHG996E,1450000,1450000,0,5.0,1,3,Bep Gia Hung,Nồi
2644,"Bộ nồi Inox liền khối Elmich Hera EL-8195 size 18, 22 chảo 26cm",1469000,3350000,56,3.0,1,9,Tiki Trading,Nồi
2650,Bộ 3 Nồi Inox 3 Đáy Nắp Kính Fivestar FS06CG - Hàng Chính Hãng,795000,795000,0,5.0,3,11,FIVESTAR OFFICIAL STORE,Nồi
2652,Nồi áp suất inox 304 Elmich 20cm EL3369 (4L) - Hàng Chính Hãng,850000,1550000,45,4.6,239,814,Tiki Trading,Nồi
2654,"Bộ 2 nồi 5 đáy Inox 304 Elmich Red Velvet El - 3989 - Size 18,20",680000,1559000,56,4.5,2,16,Tiki Trading,Nồi
2656,Bộ Nồi Xửng Hấp Fivestar Inox 3 Đáy ST24-3D - Hàng Chính Hãng,780000,780000,0,5.0,3,322,FIVESTAR OFFICIAL STORE,Nồi
2657,"Bộ nồi 5 đáy Inox 304 Elmich Berlin EL 3980 Size 16, 18, 22cm",1060000,1685000,37,5.0,2,23,Tiki Trading,Nồi
2658,Bộ nồi inox 304 cao cấp 3 đáy  Fivestar (vancover) - dùng được bếp từ ,1499000,1499000,0,5.0,1,1,SHOP BẾP XINH,Nồi
2661,"Bộ nồi inox 3 lớp đáy liền Elmich 2103OL size 18,20,26cm",1557000,2940000,47,4.5,11,35,Tiki Trading,Nồi
2662,Nồi Inox 304 Đáy Từ 5 Lớp Nắp Kính Celestine Elmich 2355278 (5.5L),825000,825000,0,5.0,3,7,Alô Bếp,Nồi
2663,Bộ 3 Nồi Inox 5 Đáy Mama Sunhouse GN2IJC784SH - Trắng Bạc,980000,980000,0,5.0,1,7,GIA DỤNG VIỆT,Nồi
2664,Nồi Inox Cao Cấp 3 Lớp Đáy Liền khối Elmich Tri-Max tặng Chó Marshall,649150,799000,19,3.0,1,9,Săn Hàng Rẻ,Nồi
2666,Bộ nồi chảo Inox nguyên khối an toàn Baby EL 1168OLMax Size 14cm,487000,899000,46,5.0,3,28,Tiki Trading,Nồi
2667,Bộ nồi inox 304 bếp từ 3 đáy Fivestar 4 món FS08CV,1499000,1499000,0,3.5,2,34,SHOP BẾP XINH,Nồi
2668,"Bộ nồi inox liền khối Elmich Trimax ECO EL-8000 size 16, 18, 22cm",1985000,1985000,0,5.0,1,5,Alô Bếp,Nồi
2675,"Bộ nồi inox 430 Fivestar Standard nắp inox FS-B3010 (Kích thước 16cm - 20cm - 24cm) , tặng 1 vá canh",1190000,1190000,0,5.0,51,133,FIVESTAR OFFICIAL STORE,Nồi
2676,"Bộ nồi inox liền khối Elmich Trimax XR EL-8074 size 16, 20, 22cm",1450000,1450000,0,5.0,11,43,Alô Bếp,Nồi
2677,Nồi hấp đa năng Inox liền khối Elmich Trimax Cz EL-3831 size 28cm,1740000,1740000,0,5.0,1,3,Alô Bếp,Nồi
2682,Nồi luộc gà inox 3 đáy SUNHOUSE Sử dụng được trên bếp từ Chính Hãng,495000,495000,0,4.7,7,42,GIA DỤNG VIỆT,Nồi
2683,Bộ Nồi Xửng Hấp Inox 430 Bếp Từ 3 Đáy Nắp Kính Fivestar,1080000,1080000,0,4.8,6,32,FIVESTAR OFFICIAL STORE,Nồi
2684,Nồi Inox Cao Cấp 3 Lớp Đáy Liền Tri-Max 2353732,555000,819000,32,4.6,87,230,Tiki Trading,Nồi
2686,Nồi Inox 3 Lớp Đáy Liền Cao Cấp Elmich Trimax XS Size 18Cm El3746,780000,780000,0,5.0,3,10,Alô Bếp,Nồi
2690,Bộ nồi Inox cao cấp 3 lớp liền đáy Elmich Tri- Max (16-20-24cm),1780000,1780000,0,5.0,18,45,Alô Bếp,Nồi
2691,Bộ 3 Nồi Thân Cool Thấp Nắp Inox Fivestar FS06C-1 - Hàng Chính Hãng,1170000,1170000,0,5.0,1,5,FIVESTAR OFFICIAL STORE,Nồi
2692,"Bộ 3 Nồi Inox Liền Đáy Elmich Trimax ECO EL-8000 size 16, 18, 22cm",1985000,1985000,0,5.0,1,1,Alô Bếp,Nồi
2693,Bộ 2 nồi inox 3 đáy từ Fivestar 18cm và 24cm - hàng chính hãng,990000,990000,0,4.5,4,26,SHOP BẾP XINH,Nồi
2694,Nồi luộc gà inox 3 lớp đáy liền Elmich Trimax Classic 2410OL size 28cm,669000,1740000,62,5.0,16,77,Tiki Trading,Nồi
2697,[ELMICH - EL3735] NỒI INOX 304 CAO CẤP 3 LỚP ĐÁY LIỀN TRI-MAX 26CM,930000,930000,0,5.0,12,22,Alô Bếp,Nồi
2706,Bộ Nồi Xửng Hấp Quánh Chảo Caro Inox 430 Bếp Từ 3 Đáy 5 Món Fivestar,1680000,1680000,0,4.8,10,47,SHOP BẾP XINH,Nồi
2709,"Bộ nồi xửng cao cấp Fivestar 4 món 3 đáy từ , nắp kính ( tặng 1 sạn inox )",1710000,1710000,0,5.0,1,3,FIVESTAR OFFICIAL STORE,Nồi
2710,"Bộ Nồi Inox 3 Lớp Đáy Liền Elmich Trimax Classic 2106OL Size 18,20,24cm",1327000,2870000,54,4.5,207,584,Tiki Trading,Nồi
2711,"Bộ nồi inox liền khối Elmich Trimax ECO EL-8003 size 16, 18, 22, chảo 26cm",2018000,3569000,43,5.0,3,18,Tiki Trading,Nồi
2717,"Bộ nồi inox liền khối Elmich Trimax ECO EL-8003 size 16, 18, 22, chảo 26cm",2200000,2200000,0,4.5,4,6,Alô Bếp,Nồi
2720,"Bộ nồi inox liền khối Elmich Trimax ECO EL-8004 size 18, 20, 26, chảo 26cm",2188000,3939000,44,4.8,6,20,Tiki Trading,Nồi
2721,Bộ nồi inox 5 đáy Sunhouse SH781 16-20-24cm (Tặng Kèm Móc Khóa BG),650000,650000,0,4.3,8,51,GIA DỤNG VIỆT,Nồi
2722,Nồi Inox 430 Bếp Từ 3 Đáy Nắp Kính Fivestar Tặng 10 Muỗng Ăn (26cm),720000,720000,0,5.0,4,11,SHOP BẾP XINH,Nồi
2723,Bộ 3 cái nồi inox 3 đáy nắp kính Elmich Trimax XR EL-3843 - Hàng chính hãng,1450000,1450000,0,5.0,1,1,Alô Bếp,Nồi
2728,"Bộ nồi chảo chống dính bếp từ 3 đáy inox 430 Thân Cool Fivestar Standard quai silicon chống nóng nắp inox , tặng 1 vá canh",1440000,1440000,0,5.0,3,5,FIVESTAR OFFICIAL STORE,Nồi
2730,BỘ NỒI INOX 3 CÁI,279000,279000,0,4.5,2,17,Shop HBH247,Nồi
2740,[ELMICH - EL3736] NỒI INOX 304 CAO CẤP 3 LỚP ĐÁY LIỀN TRI-MAX 28CM - 10L,965000,965000,0,4.5,2,5,Alô Bếp,Nồi
2747,Bộ Nồi Inox 3 Đáy Từ Fivestar Standard FSB50002 5 chiếc nắp kính ( tặng 2 vá canh ),1680000,1680000,0,5.0,1,1,SHOP BẾP XINH,Nồi
2749,Bộ 3 Nồi Inox 1 Đáy Sunhouse SH224 Dùng Mọi Bếp (16-18-24cm) - Chính Hãng,325000,325000,0,4.0,17,912,GIA DỤNG VIỆT,Nồi
2750,"Nồi inox 3 Đáy Chống Dính 20cm Fivestar ( tặng 1 sạn dừa),bếp từ , gas, hồng ngoại",470000,470000,0,4.8,4,13,FIVESTAR OFFICIAL STORE,Nồi
2751,[ELMICH - EL3734] NỒI INOX 304 CAO CẤP 3 LỚP ĐÁY LIỀN TRI-MAX 24CM - 5L,740000,740000,0,5.0,8,23,Alô Bếp,Nồi
2757,Bộ Nồi Inox 430 Bếp Từ 3 Đáy 3 Món Nắp Kính Fivestar Tặng 2 Muỗng Canh,1350000,1350000,0,5.0,3,11,FIVESTAR OFFICIAL STORE,Nồi
2759,"Bộ Nồi Chảo Inox Liền Khối Elmich Trimax XR EL-8075 size 16, 20, 22 chảo 26cm",1500000,1500000,0,5.0,1,1,Alô Bếp,Nồi
2760,Nồi inox iMat Blackcube 20cm,1521900,1780000,15,5.0,2,4,GIA DỤNG TIỆN ÍCH MINH NGỌC,Nồi
2764,"Bộ nồi Inox dập nguyên khối Elmich Trimax Classic EL-2110OL Size 18, 20, 24, chảo 26cm",1452000,3550000,59,4.6,38,188,Tiki Trading,Nồi
2765,"Nồi Đun, Nấu Inox 304  3 Lớp Đáy Liền ELMICH TriMax ECO 16/18/20/24/26/28cm",799000,799000,0,5.0,6,22,Elmich Outlet,Nồi
2773,Nồi luộc gà 3 đáy inox 430 FiveStar Standard bếp từ nắp inox tặng 1 muỗng canh ( 26cm / 28cm / 30cm / 32cm / 36cm ),780000,780000,0,4.8,20,70,SHOP BẾP XINH,Nồi
2776,"[ELMICH - EL3732] NỒI INOX 304 CAO CẤP 3 LỚP ĐÁY LIỀN TRI-MAX 18CM - 2,5L",579000,579000,0,5.0,13,39,Alô Bếp,Nồi
2778,Nồi Luộc Gà Inox 430 Bếp Từ 3 Đáy Nắp Kính Fivestar Tặng 10 Muỗng Ăn,990000,990000,0,5.0,4,18,FIVESTAR OFFICIAL STORE,Nồi
2783,"[ELMICH - EL3731] NỒI INOX 304 CAO CẤP 3 LỚP ĐÁY LIỀN TRI-MAX 16CM - 1,5L",580000,580000,0,4.7,21,72,Alô Bếp,Nồi
2784,Bộ 3 Nồi Inox Rainy 16/18/24 Nắp Inox,290000,349000,17,3.7,3,7,Home Star Store,Nồi
2791,"Bộ 3 Nồi Inox 5 Đáy Vung Kính Bếp Từ Sunhouse SH891 (16cm, 20cm, 24cm)",1420000,1420000,0,4.7,7,26,Bep Gia Hung,Nồi
2792,Bộ Nồi Xửng Hấp Inox 430 Bếp Từ 3 Đáy Nắp Kính Fivestar Tặng 5 Muỗng Ăn (28cm),1440000,1440000,0,5.0,22,75,SHOP BẾP XINH,Nồi
2793,"Bộ 3 Nồi Inox 3 Đáy Vung Kính Bếp Từ Sunhouse SH888 (16cm, 20cm, 24cm)",686000,686000,0,4.0,1,2,GIA DỤNG VIỆT,Nồi
2794,Bộ Nồi Xửng Hấp Inox 430 Bếp Từ 3 Đáy Nắp Kính Fivestar Tặng 5 Muỗng Ăn (28cm),1370000,1370000,0,5.0,2,5,SHOP BẾP XINH,Nồi
2796,Nồi Inox đáy từ Fivestar Quai Silicon 16cm - Tặng 5 muỗng inox,450000,450000,0,5.0,2,5,FIVESTAR OFFICIAL STORE,Nồi
2803,"Bộ 3 Nồi Inox Cao Cấp Cho Mọi Loại Bếp, Nồi Đa Năng, Thân Và Nắp Nồi Inox 410 Dày 0.4mm - Bộ Nồi Sharp. - Hàng Loại 1",208050,219000,5,3.0,2,4,Smarthome29,Nồi
2812,"Nồi luộc gà inox 3 đáy SUNHOUSE SH28LG, Đường kính 28 cm, Cao 21cm, Vung kính cường lực",495000,495000,0,5.0,2,21,GIA DỤNG VIỆT,Nồi
2815,Nồi Inox Đáy Từ Fivestar Quai Silicon Tặng 5 Muỗng Inox - Bạc,450000,450000,0,5.0,3,5,FIVESTAR OFFICIAL STORE,Nồi
2816,Nồi Inox Cao Cấp Happycook Aries 16cm,330000,479000,31,3.0,1,31,Tiki Trading,Nồi
2824,Nồi Inox 3 đáy inox 430  Fivestar bếp từ nắp inox tặng 2 vá canh - Hàng Chính Hãng,810000,810000,0,5.0,4,14,FIVESTAR OFFICIAL STORE,Nồi
2826,"Bộ Nồi Inox 3 Đáy Sunhouse SH335(16cm, 20cm, 24cm ) - Dùng trên mọi loại bếp - Hàng chính hãng",418880,620000,32,4.6,167,7511,Tiki Trading,Nồi
2827,Nồi áp suất 3 đáy Inox 304 Elmich 22cm 5.5L EL3371 dùng bếp từ - Hàng chính hãng,1020000,1790000,43,4.6,149,442,Tiki Trading,Nồi
2835,Nồi inox bếp từ 3 đáy Fivestar Nắp Inox - Tặng 1 Muỗng Canh Inox (sw),350000,350000,0,4.6,8,43,SHOP BẾP XINH,Nồi
2836,"Nồi luộc gà cao cấp FiveStar Standard 3 đáy từ N32-3D nắp inox 32cm , tặng 2 muỗng canh",1440000,1440000,0,4.7,7,21,SHOP BẾP XINH,Nồi
2837,Bộ nồi Fivestar inox 304 bếp từ 3 đáy 4 món FS08-CV tặng bộ thau rổ- Hàng Chính hãng,1499000,1499000,0,4.6,24,56,SHOP BẾP XINH,Nồi
2841,Nồi 3 đáy inox 430 FiveStar Standard bếp từ nắp kính - tặng 2 vá canh ( 16cm / 20cm /24cm ),470000,470000,0,5.0,2,5,SHOP BẾP XINH,Nồi
2849,Bộ nồi xửng quánh chảo inox 430 cao cấp FIVESTAR 5 chiếc 3 đáy bếp từ nắp kính ( tặng1 vá canh ),1710000,1710000,0,5.0,2,5,FIVESTAR OFFICIAL STORE,Nồi
2850,Nồi Inox 304 hiệu Berndorf Sandrik - Casserole with Lid,850000,850000,0,4.5,4,16,EURO KITCHEN,Nồi
2854,Nồi Inox 304 3 Đáy Nắp Kính Fivestar - Bạc,630000,630000,0,5.0,11,50,FIVESTAR OFFICIAL STORE,Nồi
2858,Nồi Inox 304 cao cấp 5 đáy Kalpen Lermat,290000,290000,0,5.0,1,2,Alô Bếp,Nồi
2861,Nồi cao inox 3 đáy Happy Cook NC-28G,572000,879000,35,5.0,19,91,Tiki Trading,Nồi
2864,Nồi inox 3 đáy sandwich inox 430 FiveStar Standard bếp từ nắp kính tặng 2 vá canh,360000,360000,0,4.6,42,166,FIVESTAR OFFICIAL STORE,Nồi
2866,"Nồi luộc gà Fivestar 3 đáy inox 430 nắp kính ( 30cm ), tặng 1 vá canh, dùng được bếp từ , gas, hồng ngoại",1170000,1170000,0,5.0,21,60,SHOP BẾP XINH,Nồi
2874,Nồi Inox bếp từ 3 Đáy Nắp Inox Fivestar Tặng 1 Muỗng Canh SW,350000,350000,0,4.8,6,54,SHOP BẾP XINH,Nồi
2876,Nồi Inox PoongNyun WTPIH-CL 24C - Size 24cm,1199000,2250000,47,4.0,1,1,POONGNYUN OFFICIAL STORE,Nồi
2889,"Bộ Nồi Inox Sunhouse Mama cao cấp 5 đáy SH784 (16cm, 20cm, 24cm) - Dùng cho mọi loại bếp - Hàng chính hãng",748880,1340000,44,4.7,297,2421,Tiki Trading,Nồi
2901,Bộ nồi inox 5 đáy Kangaroo KG3CS2,1200000,2670000,55,4.0,1,3,Tiki Trading,Nồi
2905,Nồi Inox 5 Đáy Kangaroo KG878L - 24cm,349000,349000,0,5.0,1,1,Bếp Minh Hà,Nồi
2909,"Bộ Nồi Inox 304 Cao Cấp 5 Đáy 3 chiếc 16c,, 20cm và 24cm Elmich Smartcook KM2355961 Dùng Bếp Từ",1340000,1389000,4,4.0,2,7,M2P Shop,Nồi
2922,Nồi Inox 430 Bếp Từ 3 Đáy Fivestar (36 cm) Nắp Inox + Tặng 5 Muỗng Ăn Inox Cao Cấp,1710000,1710000,0,5.0,1,2,FIVESTAR OFFICIAL STORE,Nồi
2925,Nồi Inox 430 Bếp Từ 3 Đáy 36 cm Nắp Inox Fivestar -Tặng 5 Muỗng Ăn Inox Cao Cấp,1620000,1620000,0,5.0,2,14,SHOP BẾP XINH,Nồi
2928,Bộ Nồi inox 304 Và Chảo Chống Dính Inox 430 Bếp Từ 3 Đáy Fivestar 5 Món Nắp inox,1799000,1799000,0,4.0,1,6,SHOP BẾP XINH,Nồi
2929,"Nồi inox Fivestar 3 đáy bếp từ nắp inox (16cm ) ,tặng 1 muỗng canh",350000,350000,0,4.7,34,127,SHOP BẾP XINH,Nồi
2930,Bộ nồi Inox 5 đáy Happy Cook Penta HCS-PT06,945000,1750000,46,5.0,1,15,Tiki Trading,Nồi
2931,Bộ 3 Nồi Inox 304 Đáy 3 Lớp Hiệu Berndorf Sandrik,1600000,1600000,0,3.0,1,2,EURO KITCHEN,Nồi
2933,Bộ nồi inox và  chảo chống dính Fivestar Standard chống nóng nắp inox 3 đáy từ tặng 2 vá canh (1 nồi 16cmx 1 nồi 20cm và 1 chảo 22cm ),1440000,1440000,0,5.0,1,8,FIVESTAR OFFICIAL STORE,Nồi
2941,Nồi inox Fivestar 3 đáy từ nắp kính,630000,630000,0,4.5,4,10,SHOP BẾP XINH,Nồi
2947,Nồi Inox 430 Bếp Từ 3 Đáy Quai Silicon Chống Nóng Nắp Inox Fivestar,530000,530000,0,4.8,4,9,FIVESTAR OFFICIAL STORE,Nồi
2948,Nồi Inox 430 Bếp Từ 3 Đáy Nắp Kính Fivestar,420000,420000,0,5.0,29,125,FIVESTAR OFFICIAL STORE,Nồi
2951,Nồi 3 Đáy Inox 430 Fivestar Dùng Cho Bếp Từ,352500,450000,22,4.5,18,74,Săn Hàng Rẻ,Nồi
2957,Nồi Inox 430 Bếp Từ 3 Đáy Nắp Inox Fivestar Tặng 5 Muỗng Ăn (36cm),1620000,1620000,0,5.0,3,5,SHOP BẾP XINH,Nồi
2959,Bộ nồi Inox 3 lớp cao cấp đáy liền Elmich Tri-Max XS và chảo nhôm chống dính EL-3830 đường kính 20cm - Hàng chính hãng,1351000,2000000,32,5.0,1,2,M2P Shop,Nồi
2964,Bộ nồi xửng hấp inox 430 FiveStar Standard 3 đáy bếp từ nắp kính tặng 2 muỗng canh ( 26cm/28cm/30cm/32cm),869000,869000,0,4.7,28,111,FIVESTAR OFFICIAL STORE,Nồi
2965,"Bộ Nồi Xửng Hấp Fivestar 3 Đáy 26/28/30/32cm Chất Liệu Inox 430 Sáng Bóng, Bền Tốt, Ít Bị Oxy Hóa Bảo Hành 5 Năm- Hàng Chính Hãng",546000,561000,3,4.5,13,140,Smarthome29,Nồi
2969,"Bộ Nồi Chảo 3 Đáy Inox 430 Fivestar Standard nắp inox FS08C , tặng 1 vá canh",1680000,1680000,0,5.0,2,4,SHOP BẾP XINH,Nồi
2971,Nồi Hầm Inox 3 Lớp Inox Cao Cấp Happy Cook Alvar Nắp Kiếng 26cm SP26-ALVG,1060000,1319000,20,5.0,5,11,Tiki Trading,Nồi
2983,Nồi nấu Inox 3 lớp cán gỗ Dr.HOWS WarmWood 24cm,1210000,1210000,0,5.0,1,3,Dr.HOWS Official,Nồi
2987,Nồi Inox Cao Cấp 3 Đáy Nắp Kiếng Happy Cook Delux Plus N16-DLGP,300000,399000,25,4.3,3,14,Tiki Trading,Nồi
2989,Bộ 3 nồi 1 đáy inox Rainy cao cấp  - Hàng Chính Hãng,280330,289000,3,4.2,19,170,Home Star Store,Nồi
2991,Nồi nấu thấp Inox 3 lớp Dr.Hows Stella Casserole 24cm,2160000,2160000,0,5.0,1,2,Dr.HOWS Official,Nồi
2994,Nồi luộc gà inox 304 cao cấp 5 đáy Kalpen Size 28,750000,750000,0,5.0,1,4,Alô Bếp,Nồi
2997,"Nồi luộc gà FiveStar inox 430 nắp kính, tặng 2 muỗng canh (26cm / 28cm / 30cm / 32cm), 3 đáy dùng bếp từ, hồng ngoại,gas",720000,720000,0,5.0,3,11,SHOP BẾP XINH,Nồi
2999,"Nồi lẩu inox 430 cao cấp Fivestar Standard nắp kính, 3 đáy Size 24/ 26/28(cm), dùng được mọi bếp , hàng chính hãng , bảo hành 5 năm",256500,285000,10,5.0,2,4,Gia Dụng An Nhiên,Nồi
